Workbook

Sheet Instructions
B2: 12.1 Blood Death Knight Calculation Spreadsheet
B3: By Kyrasis - Area 52 (Discord: Kyrasis)
B5: Disclaimer:
B6: While DPS is also calculated and can be used to gather useful for relative evaluations, an up-to-date simcraft module should be superior for absolute DPS evaluation in specific encounters. This is a theorycrafting tool for primarily assessing mitigation and is intended/recommended to advanced users with upfront class knowledge, since it can be difficult to use correctly and good outputs are reasonably dependent on good inputs. If you have any specific questions regarding this spreadsheet, please DM Kyrasis as your first line of support.
B8: General Information:
B9: This spreadsheet was created to gather information on stat weights, items, talents, races, and runeforging; particularly with regards to mitigation, since it's an essential, but often ignored, aspect of blood theorycrafting. This spreadsheet calculates Mitigation, DPS, and Effective HP stat weights based on input character information and steady-state assumptions. Mitigation, itself, is measured by calculating how many points of damage can be taken per point of external healing required (from a healer, for instance) in order to survive indefinitely; all effects are generally averaged for the purposes of these calculations and several variables are held constant (such as incoming damage composition, damage taken, and overhealing). The results from this calculation are only as relevent as the assumptions used. As a tank, you'll be placed in a number of different scenarios, so results from a single scenario may not be representative of others. You'll first create a profile for your character, as is, which will result in some general stat weights. If you want to view the effects of using different items, talents, runeforges, or races, changes can be entered into a secondary profile which can be used for direct comparison.
B11: Instructions:
B12: 1. Make a copy of this spreadsheet.
B13: 2. Open the "Data Input" Sheet.
B14: 3. Under "Baseline Character Inputs" complete the "Character Attributes" section with information straight from your character sheet with no buffs active, unless you want to manually account for consumables.
B15: 4. Complete the "Runeforging" section using "1" for the selected Runeforge and "0" for the Runeforge not selected.
B16: 5. Complete the "Race" section using "1" for the selected Race and "0" for the Race not selected. Additional options are noted where applicable.
... B29: A special thanks to Thorlefulz, Mythie, and Terra for helping out with this spreadsheet

Sheet Inputs
B2: Inputs
B4: Baseline | G4: Comparison
B6: Character Attributes | C6: Character Sheet | G6: Character Attributes | H6: Character Sheet | I6: Differentials
B7: Armor | C7: 3852 | G7: Armor
B8: Strength | C8: 2672 | G8: Strength
B9: Stamina | C9: 77197 | G9: Stamina
B10: Critical Strike Rating | C10: 778.5 | G10: Critical Strike Rating
B11: Haste Rating | C11: 1053.5 | G11: Haste Rating
B12: Versatility Rating | C12: 1514.5 | G12: Versatility Rating
B13: Mastery Rating | C13: 479.5 | G13: Mastery Rating
B14: Leech Rating | C14: 0 | G14: Leech Rating
B15: Avoidance Rating | C15: 0 | G15: Avoidance Rating
B16: Base Weapon DPS | C16: 151.4 | G16: Base Weapon DPS
B17: Base Weapon Speed | C17: 3.6 | G17: Base Weapon Speed
B19: Runeforging | G19: Runeforging
B20: Razorice | C20: Sanguination | D20: Spellwarding | E20: Apocalypse | G20: Razorice | H20: Sanguination | I20: Spellwarding | J20: Apocalypse
C21: 1
B22: Fallen Crusader | C22: Stoneskin Gargoyle | D22: Unending Thirst | G22: Fallen Crusader | H22: Stoneskin Gargoyle | I22: Unending Thirst
B25: Race | G25: Race
B26: Orc | C26: 0 | D26: Pandaren | E26: 0 | G26: Orc | I26: Pandaren
B27: Undead | C27: 0 | D27: Nightborne | E27: 0 | G27: Undead | I27: Nightborne
B28: Tauren | C28: 0 | D28: Highmountain | E28: 0 | G28: Tauren | I28: Highmountain
B29: Troll | C29: 0 | D29: Mag'har | E29: 0 | G29: Troll | I29: Mag'har
B30: Blood Elf | C30: 0 | D30: Zandalari | E30: 0 | G30: Blood Elf | I30: Zandalari
B31: Goblin | C31: 0 | D31: Vulpera | E31: 0 | G31: Goblin | I31: Vulpera
B32: Human | C32: 0 | D32: Void Elf | E32: 0 | G32: Human | I32: Void Elf
B33: Dwarf | C33: 0 | D33: Lightforged Draenei | E33: 0 | G33: Dwarf | I33: Lightforged Draenei
B34: Night Elf | C34: 0 | D34: Dark Iron Dwarf | E34: 0 | G34: Night Elf | I34: Dark Iron Dwarf
B35: Gnome | C35: 0 | D35: Kul Tiran | E35: 0 | G35: Gnome | I35: Kul Tiran
B36: Draenei | C36: 0 | D36: Mechagnome | E36: 0 | G36: Draenei | I36: Mechagnome
B37: Worgen | C37: 0 | G37: Worgen | K37: =K38
B39: Death Knight Talents | C39: Rank | D39: Variable | G39: Death Knight Talents | H39: Rank | I39: Variable
A40: Row 1 | B40: Icebound Fortitude | C40: 1 | F40: Row 1 | G40: Icebound Fortitude
B41: Death Strike | C41: 1 | G41: Death Strike
B42: Raise Dead | C42: 1 | G42: Raise Dead
A43: Row 2 | B43: Runic Attenuation | C43: 1 | F43: Row 2 | G43: Runic Attenuation
B44: Improved Death Strike | C44: 1 | G44: Improved Death Strike
B45: Cleaving Strikes | C45: 1 | G45: Cleaving Strikes
A46: Row 3 | B46: Mind Freeze | C46: 1 | D46: 0 | F46: Row 3 | G46: Mind Freeze
B47: Blinding Sleet | C47: 1 | G47: Blinding Sleet
B48: Gloom Ward | C48: 2 | G48: Gloom Ward
B49: March of Darkness | C49: 0 | G49: March of Darkness
B50: Wraith Walk | C50: 0 | G50: Wraith Walk
B51: Unholy Momentum | C51: 2 | G51: Unholy Momentum
B52: Control Undead | C52: 0 | G52: Control Undead
B53: Enfeeble | C53: 1 | G53: Enfeeble
A54: Row 4 | B54: Coldthirst | C54: 1 | F54: Row 4 | G54: Coldthirst
B55: Proliferating Chill | C55: 0 | G55: Proliferating Chill
B56: Permafrost | C56: 1 | G56: Permafrost
B57: Veteran of the Third War | C57: 1 | G57: Veteran of the Third War
B58: Death Pact | C58: 0 | G58: Death Pact
B59: Brittle | C59: 1 | G59: Brittle
B60: Blood Bond | C60: 0 | G60: Blood Bond
A61: Row 5 | B61: Icy Talons | C61: 1 | D61: 0.9 | F61: Row 5 | G61: Icy Talons
B62: Death Notes | C62: 1 | G62: Death Notes
B63: Anti-Magic Zone | C63: 1 | D63: 0 | G63: Anti-Magic Zone
B64: Death Defiance | C64: 0 | G64: Death Defiance
B65: Unholy Bond | C65: 1 | G65: Unholy Bond
A66: Row 6 | B66: Ice Prison | C66: 0 | F66: Row 6 | G66: Ice Prison
B67: Death's Reach | C67: 0 | G67: Death's Reach
B68: Asphyxiate | C68: 1 | G68: Asphyxiate
B69: Assimilation | C69: 1 | G69: Assimilation
B70: Anti-Magic Barrier | C70: 1 | G70: Anti-Magic Barrier
B71: Grip of the Dead | C71: 1 | G71: Grip of the Dead
A72: Row 7 | B72: Suppression | C72: 0 | F72: Row 7 | G72: Suppression
B73: Blood Scent | C73: 1 | G73: Blood Scent
B74: Unholy Endurance | C74: 0 | G74: Unholy Endurance
A75: Row 8 | B75: Osmosis | C75: 0 | F75: Row 8 | G75: Osmosis
B76: Insidious Chill | C76: 1 | G76: Insidious Chill
B77: Runic Protection | C77: 1 | G77: Runic Protection
B78: Blood Draw | C78: 0 | G78: Blood Draw
A79: Row 9 | B79: Rune Mastery | C79: 2 | F79: Row 9 | G79: Rune Mastery
B80: Subduing Grasp | C80: 0 | G80: Subduing Grasp
B81: Will of the Necropolis | C81: 2 | G81: Will of the Necropolis
A82: Row 10 | B82: Null Magic | C82: 1 | F82: Row 10 | G82: Null Magic
B83: Unyielding Will | C83: 0 | G83: Unyielding Will
B84: Death's Echo | C84: 1 | G84: Death's Echo
B85: Vestigial Shell | C85: 0 | G85: Vestigial Shell
C86: =SUM(C40:C85) -> 34
B87: Blood Talents | C87: Rank | D87: Variable | G87: Blood Talents | H87: Rank | I87: Variable
A88: Row 1 | B88: Heart Strike | C88: 1 | F88: Row 1 | G88: Heart Strike
A89: Row 2 | B89: Marrowrend | C89: 1 | D89: 0 | F89: Row 2 | G89: Marrowrend
B90: Blood Boil | C90: 1 | G90: Blood Boil
A91: Row 3 | B91: Vampiric Blood | C91: 1 | F91: Row 3 | G91: Vampiric Blood
B92: Bone Collector | C92: 1 | G92: Bone Collector
A93: Row 4 | B93: Ossuary | C93: 1 | F93: Row 4 | G93: Ossuary
B94: Improved Vampiric Blood | C94: 2 | G94: Improved Vampiric Blood
B95: Improved Heart Strike | C95: 0 | G95: Improved Heart Strike
B96: Relish in Blood | C96: 1 | G96: Relish in Blood
A97: Row 5 | B97: Leeching Strike | C97: 0 | F97: Row 5 | G97: Leeching Strike
B98: Heartbreaker | C98: 1 | G98: Heartbreaker
B99: Foul Bulwark | C99: 1 | D99: 7 | G99: Foul Bulwark
B100: Dancing Rune Weapon | C100: 1 | G100: Dancing Rune Weapon
B101: Hemostasis | C101: 1 | G101: Hemostasis
B102: Perseverance of the Ebon Blade | C102: 0 | D102: 0 | G102: Perseverance of the Ebon Blade
B103: Bloodworms | C103: 0 | D103: 10 | G103: Bloodworms
A104: Row 6 | B104: Abomination Limb | C104: 0 | D104: 0 | F104: Row 6 | G104: Abomination Limb
B105: Gorefiend's Grasp | C105: 1 | D105: 0 | G105: Gorefiend's Grasp
B106: Improved Bone Shield | C106: 1 | G106: Improved Bone Shield
B107: Insatiable Blade | C107: 1 | D107: 5 | G107: Insatiable Blade
...

Sheet Outputs
B2: Data Outputs
B4: Baseline Stat Weights | F4: Performance Indicators
B6: Mitigation Stat Weights | C6: Raw | D6: Normalized | F6: Performance Measures | G6: Baseline | H6: Comparison | I6: Differential
B7: Armor | C7: =IF(OR(N('+Armor'!$N$15)=0,N(Baseline!$N$15)=0),((1-(('+Armor'!T10-'+Armor'!U10-'+Armor'!V10-'+Armor'!W10)*(1-'+Armor'!$T$76*(10+2*'+Armor'!C92))+('+Armor'!T10-'+Armor'!U10-'+Armor'!V10-'+Armor'!W10*(1.3+0.05*'+Armor'!C92))*'+Armor'!$T$76*(10+2*'+Armor'!C92))/'+Armor'!O10*Baseline!T10/'+Armor'!T10)-(1-((Baseline!T10-Baseline!U10-Baseline!V10-Baseline!W10)*(1-Baseline!$T$76*(10+2*Baseline!C92))+(Baseline!T10-Baseline!U10-Baseline!V10-Baseline!W10*(1.3+0.05*Baseline!C92))*Baseline!$T$76*(10+2*Baseline!C92))/Baseline!O10))/(1-((Baseline!T10-Baseline!U10-Baseline!V10-Baseline!W10)*(1-Baseline!$T$76*(10+2*Baseline!C92))+(Baseline!T10-Baseline!U10-Baseline!V10-Baseline!W10*(1.3+0.05*Baseline!C92))*Baseline!$T$76*(10+2*Baseline!C92))/Baseline!O10)/10,('+Armor'!$N$15-Baseline!$N$15)/10) -> 1.0267162e-06 | D7: =C7/MAX($C$7:$C$16) -> 0.10773169 | F7: Mitigation Factor | G7: =Baseline!N15 -> 0.99966202 | H7: =Comparison!N15 -> 0.99980942 | I7: ="("&ROUND(((1-((Comparison!T10-Comparison!U10-Comparison!V10-Comparison!W10)*(1-Comparison!$T$76*(10+2*Comparison!C92))+(Comparison!T10-Comparison!U10-Comparison!V10-Comparison!W10*(1.3+0.05*Comparison!C92))*(Comparison!$T$76*(10+2*Comparison!C92)))/Comparison!O10*Baseline!T10/Comparison!T10)-(1-((Baseline!T10-Baseline!U10-Baseline!V10-Baseline!W10)*(1-Baseline!$T$76*(10+2*Baseline!C92))+(Baseline!T10-Baseline!U10-Baseline!V10-Baseline!W10*(1.3+0.05*Baseline!C92))*(Baseline!$T$76*(10+2*Baseline!C92)))/Baseline!O10))/(1-((Baseline!T10-Baseline!U10-Baseline!V10-Baseline!W10)*(1-Baseline!$T$76*(10+2*Baseline!C92))+(Baseline!T10-Baseline!U10-Baseline!V10-Baseline!W10*(1.3+0.05*Baseline!C92))*(Baseline!$T$76*(10+2*Baseline!C92)))/Baseline!O10)%,2)&"%)" -> (0.01%)
B8: Strength | C8: =IF(OR(N('+Strength'!$N$15)=0,N(Baseline!$N$15)=0),((1-(('+Strength'!T10-'+Strength'!U10-'+Strength'!V10-'+Strength'!W10)*(1-'+Strength'!$T$76*(10+2*'+Strength'!C92))+('+Strength'!T10-'+Strength'!U10-'+Strength'!V10-'+Strength'!W10*(1.3+0.05*'+Strength'!C92))*'+Strength'!$T$76*(10+2*'+Strength'!C92))/'+Strength'!O10*Baseline!T10/'+Strength'!T10)-(1-((Baseline!T10-Baseline!U10-Baseline!V10-Baseline!W10)*(1-Baseline!$T$76*(10+2*Baseline!C92))+(Baseline!T10-Baseline!U10-Baseline!V10-Baseline!W10*(1.3+0.05*Baseline!C92))*Baseline!$T$76*(10+2*Baseline!C92))/Baseline!O10))/(1-((Baseline!T10-Baseline!U10-Baseline!V10-Baseline!W10)*(1-Baseline!$T$76*(10+2*Baseline!C92))+(Baseline!T10-Baseline!U10-Baseline!V10-Baseline!W10*(1.3+0.05*Baseline!C92))*Baseline!$T$76*(10+2*Baseline!C92))/Baseline!O10)/10,('+Strength'!$N$15-Baseline!$N$15)/10) -> 5.5891595e-06 | D8: =C8/MAX($C$7:$C$16) -> 0.58646157 | F8: Overall DPS | G8: =Baseline!O15 -> 324430.93 | H8: =Comparison!O15 -> 326198.05 | I8: =(H8-G8)/G8 -> 0.0054468098
B9: Stamina | C9: =IF(OR(N('+Stamina'!$N$15)=0,N(Baseline!$N$15)=0),((1-(('+Stamina'!T10-'+Stamina'!U10-'+Stamina'!V10-'+Stamina'!W10)*(1-'+Stamina'!$T$76*(10+2*'+Stamina'!C92))+('+Stamina'!T10-'+Stamina'!U10-'+Stamina'!V10-'+Stamina'!W10*(1.3+0.05*'+Stamina'!C92))*'+Stamina'!$T$76*(10+2*'+Stamina'!C92))/'+Stamina'!O10*Baseline!T10/'+Stamina'!T10)-(1-((Baseline!T10-Baseline!U10-Baseline!V10-Baseline!W10)*(1-Baseline!$T$76*(10+2*Baseline!C92))+(Baseline!T10-Baseline!U10-Baseline!V10-Baseline!W10*(1.3+0.05*Baseline!C92))*Baseline!$T$76*(10+2*Baseline!C92))/Baseline!O10))/(1-((Baseline!T10-Baseline!U10-Baseline!V10-Baseline!W10)*(1-Baseline!$T$76*(10+2*Baseline!C92))+(Baseline!T10-Baseline!U10-Baseline!V10-Baseline!W10*(1.3+0.05*Baseline!C92))*Baseline!$T$76*(10+2*Baseline!C92))/Baseline!O10)/10,('+Stamina'!$N$15-Baseline!$N$15)/10) -> 4.1861552e-08 | D9: =C9/MAX($C$7:$C$16) -> 0.0043924656 | F9: Priority DPS | G9: =Baseline!P15 -> 112067.47 | H9: =Comparison!P15 -> 111420.21 | I9: =(H9-G9)/G9 -> -0.0057756443
B10: Critical Strike | C10: =IF(OR(N('+Critical Strike'!$N$15)=0,N(Baseline!$N$15)=0),((1-(('+Critical Strike'!T10-'+Critical Strike'!U10-'+Critical Strike'!V10-'+Critical Strike'!W10)*(1-'+Critical Strike'!$T$76*(10+2*'+Critical Strike'!C92))+('+Critical Strike'!T10-'+Critical Strike'!U10-'+Critical Strike'!V10-'+Critical Strike'!W10*(1.3+0.05*'+Critical Strike'!C92))*'+Critical Strike'!$T$76*(10+2*'+Critical Strike'!C92))/'+Critical Strike'!O10*Baseline!T10/'+Critical Strike'!T10)-(1-((Baseline!T10-Baseline!U10-Baseline!V10-Baseline!W10)*(1-Baseline!$T$76*(10+2*Baseline!C92))+(Baseline!T10-Baseline!U10-Baseline!V10-Baseline!W10*(1.3+0.05*Baseline!C92))*Baseline!$T$76*(10+2*Baseline!C92))/Baseline!O10))/(1-((Baseline!T10-Baseline!U10-Baseline!V10-Baseline!W10)*(1-Baseline!$T$76*(10+2*Baseline!C92))+(Baseline!T10-Baseline!U10-Baseline!V10-Baseline!W10*(1.3+0.05*Baseline!C92))*Baseline!$T$76*(10+2*Baseline!C92))/Baseline!O10)/10,('+Critical Strike'!$N$15-Baseline!$N$15)/10) -> 4.4658048e-06 | D10: =C10/MAX($C$7:$C$16) -> 0.46858975 | F10: Reliable Effective Health | G10: =Baseline!Q15 -> 9369364.5 | H10: =Comparison!Q15 -> 9364180.2 | I10: =(H10-G10)/G10 -> -0.00055332346
B11: Haste | C11: =IF(OR(N('+Haste'!$N$15)=0,N(Baseline!$N$15)=0),((1-(('+Haste'!T10-'+Haste'!U10-'+Haste'!V10-'+Haste'!W10)*(1-'+Haste'!$T$76*(10+2*'+Haste'!C92))+('+Haste'!T10-'+Haste'!U10-'+Haste'!V10-'+Haste'!W10*(1.3+0.05*'+Haste'!C92))*'+Haste'!$T$76*(10+2*'+Haste'!C92))/'+Haste'!O10*Baseline!T10/'+Haste'!T10)-(1-((Baseline!T10-Baseline!U10-Baseline!V10-Baseline!W10)*(1-Baseline!$T$76*(10+2*Baseline!C92))+(Baseline!T10-Baseline!U10-Baseline!V10-Baseline!W10*(1.3+0.05*Baseline!C92))*Baseline!$T$76*(10+2*Baseline!C92))/Baseline!O10))/(1-((Baseline!T10-Baseline!U10-Baseline!V10-Baseline!W10)*(1-Baseline!$T$76*(10+2*Baseline!C92))+(Baseline!T10-Baseline!U10-Baseline!V10-Baseline!W10*(1.3+0.05*Baseline!C92))*Baseline!$T$76*(10+2*Baseline!C92))/Baseline!O10)/10,('+Haste'!$N$15-Baseline!$N$15)/10) -> 3.1174989e-06 | D11: =C11/MAX($C$7:$C$16) -> 0.32711417 | F11: Reliable and Controllable Effective Health | G11: =Baseline!R15 -> 11517617 | H11: =Comparison!R15 -> 11592261 | I11: =(H11-G11)/G11 -> 0.006480929
B12: Versatility | C12: =IF(OR(N('+Versatility'!$N$15)=0,N(Baseline!$N$15)=0),((1-(('+Versatility'!T10-'+Versatility'!U10-'+Versatility'!V10-'+Versatility'!W10)*(1-'+Versatility'!$T$76*(10+2*'+Versatility'!C92))+('+Versatility'!T10-'+Versatility'!U10-'+Versatility'!V10-'+Versatility'!W10*(1.3+0.05*'+Versatility'!C92))*'+Versatility'!$T$76*(10+2*'+Versatility'!C92))/'+Versatility'!O10*Baseline!T10/'+Versatility'!T10)-(1-((Baseline!T10-Baseline!U10-Baseline!V10-Baseline!W10)*(1-Baseline!$T$76*(10+2*Baseline!C92))+(Baseline!T10-Baseline!U10-Baseline!V10-Baseline!W10*(1.3+0.05*Baseline!C92))*Baseline!$T$76*(10+2*Baseline!C92))/Baseline!O10))/(1-((Baseline!T10-Baseline!U10-Baseline!V10-Baseline!W10)*(1-Baseline!$T$76*(10+2*Baseline!C92))+(Baseline!T10-Baseline!U10-Baseline!V10-Baseline!W10*(1.3+0.05*Baseline!C92))*Baseline!$T$76*(10+2*Baseline!C92))/Baseline!O10)/10,('+Versatility'!$N$15-Baseline!$N$15)/10) -> 7.4539218e-06 | D12: =C12/MAX($C$7:$C$16) -> 0.78212809 | F12: Unreliable Effective Health | G12: =Baseline!S15 -> 21754755 | H12: =Comparison!S15 -> 21816643 | I12: =(H12-G12)/G12 -> 0.0028447697
B13: Mastery | C13: =IF(OR(N('+Mastery'!$N$15)=0,N(Baseline!$N$15)=0),((1-(('+Mastery'!T10-'+Mastery'!U10-'+Mastery'!V10-'+Mastery'!W10)*(1-'+Mastery'!$T$76*(10+2*'+Mastery'!C92))+('+Mastery'!T10-'+Mastery'!U10-'+Mastery'!V10-'+Mastery'!W10*(1.3+0.05*'+Mastery'!C92))*'+Mastery'!$T$76*(10+2*'+Mastery'!C92))/'+Mastery'!O10*Baseline!T10/'+Mastery'!T10)-(1-((Baseline!T10-Baseline!U10-Baseline!V10-Baseline!W10)*(1-Baseline!$T$76*(10+2*Baseline!C92))+(Baseline!T10-Baseline!U10-Baseline!V10-Baseline!W10*(1.3+0.05*Baseline!C92))*Baseline!$T$76*(10+2*Baseline!C92))/Baseline!O10))/(1-((Baseline!T10-Baseline!U10-Baseline!V10-Baseline!W10)*(1-Baseline!$T$76*(10+2*Baseline!C92))+(Baseline!T10-Baseline!U10-Baseline!V10-Baseline!W10*(1.3+0.05*Baseline!C92))*Baseline!$T$76*(10+2*Baseline!C92))/Baseline!O10)/10,('+Mastery'!$N$15-Baseline!$N$15)/10) -> 9.5303083e-06 | D13: =C13/MAX($C$7:$C$16) -> 1
B14: Leech | C14: =IF(OR(N('+Leech'!$N$15)=0,N(Baseline!$N$15)=0),((1-(('+Leech'!T10-'+Leech'!U10-'+Leech'!V10-'+Leech'!W10)*(1-'+Leech'!$T$76*(10+2*'+Leech'!C92))+('+Leech'!T10-'+Leech'!U10-'+Leech'!V10-'+Leech'!W10*(1.3+0.05*'+Leech'!C92))*'+Leech'!$T$76*(10+2*'+Leech'!C92))/'+Leech'!O10*Baseline!T10/'+Leech'!T10)-(1-((Baseline!T10-Baseline!U10-Baseline!V10-Baseline!W10)*(1-Baseline!$T$76*(10+2*Baseline!C92))+(Baseline!T10-Baseline!U10-Baseline!V10-Baseline!W10*(1.3+0.05*Baseline!C92))*Baseline!$T$76*(10+2*Baseline!C92))/Baseline!O10))/(1-((Baseline!T10-Baseline!U10-Baseline!V10-Baseline!W10)*(1-Baseline!$T$76*(10+2*Baseline!C92))+(Baseline!T10-Baseline!U10-Baseline!V10-Baseline!W10*(1.3+0.05*Baseline!C92))*Baseline!$T$76*(10+2*Baseline!C92))/Baseline!O10)/10,('+Leech'!$N$15-Baseline!$N$15)/10) -> 1.8127313e-06 | D14: =C14/MAX($C$7:$C$16) -> 0.19020699
B15: Avoidance | C15: =IF(OR(N('+Avoidance'!$N$15)=0,N(Baseline!$N$15)=0),((1-(('+Avoidance'!T10-'+Avoidance'!U10-'+Avoidance'!V10-'+Avoidance'!W10)*(1-'+Avoidance'!$T$76*(10+2*'+Avoidance'!C92))+('+Avoidance'!T10-'+Avoidance'!U10-'+Avoidance'!V10-'+Avoidance'!W10*(1.3+0.05*'+Avoidance'!C92))*'+Avoidance'!$T$76*(10+2*'+Avoidance'!C92))/'+Avoidance'!O10*Baseline!T10/'+Avoidance'!T10)-(1-((Baseline!T10-Baseline!U10-Baseline!V10-Baseline!W10)*(1-Baseline!$T$76*(10+2*Baseline!C92))+(Baseline!T10-Baseline!U10-Baseline!V10-Baseline!W10*(1.3+0.05*Baseline!C92))*Baseline!$T$76*(10+2*Baseline!C92))/Baseline!O10))/(1-((Baseline!T10-Baseline!U10-Baseline!V10-Baseline!W10)*(1-Baseline!$T$76*(10+2*Baseline!C92))+(Baseline!T10-Baseline!U10-Baseline!V10-Baseline!W10*(1.3+0.05*Baseline!C92))*Baseline!$T$76*(10+2*Baseline!C92))/Baseline!O10)/10,('+Avoidance'!$N$15-Baseline!$N$15)/10) -> 0 | D15: =C15/MAX($C$7:$C$16) -> 0
B16: Weapon DPS | C16: =IF(OR(N('+Weapon DPS'!$N$15)=0,N(Baseline!$N$15)=0),((1-(('+Weapon DPS'!T10-'+Weapon DPS'!U10-'+Weapon DPS'!V10-'+Weapon DPS'!W10)*(1-'+Weapon DPS'!$T$76*(10+2*'+Weapon DPS'!C92))+('+Weapon DPS'!T10-'+Weapon DPS'!U10-'+Weapon DPS'!V10-'+Weapon DPS'!W10*(1.3+0.05*'+Weapon DPS'!C92))*'+Weapon DPS'!$T$76*(10+2*'+Weapon DPS'!C92))/'+Weapon DPS'!O10*Baseline!T10/'+Weapon DPS'!T10)-(1-((Baseline!T10-Baseline!U10-Baseline!V10-Baseline!W10)*(1-Baseline!$T$76*(10+2*Baseline!C92))+(Baseline!T10-Baseline!U10-Baseline!V10-Baseline!W10*(1.3+0.05*Baseline!C92))*Baseline!$T$76*(10+2*Baseline!C92))/Baseline!O10))/(1-((Baseline!T10-Baseline!U10-Baseline!V10-Baseline!W10)*(1-Baseline!$T$76*(10+2*Baseline!C92))+(Baseline!T10-Baseline!U10-Baseline!V10-Baseline!W10*(1.3+0.05*Baseline!C92))*Baseline!$T$76*(10+2*Baseline!C92))/Baseline!O10)/10,('+Weapon DPS'!$N$15-Baseline!$N$15)/10) -> 1.6307413e-06 | D16: =C16/MAX($C$7:$C$16) -> 0.17111108
B17: Pawn String | C17: ="( Pawn: v1: ""BDK Mitigation"": Leech="&D14&", CritRating="&D10&", Dps="&D16&", Strength="&D8&", HasteRating="&D11&", MasteryRating="&D13&", Stamina="&D9&", Armor="&D7&", Versatility="&D12&" )" -> ( Pawn: v1: "BDK Mitigation": Leech=0.190206990482102, CritRating=0.468589748233894, Dps=0.171111075250752, Strength=0.586461567124541, HasteRating=0.327114172927727, MasteryRating=1, Stamina=0.00439246562690173, Armor=0.107731691752119, Versatility=0.782128089867699 )
B19: Overall DPS Stat Weights | C19: Raw | D19: Normalized
B20: Armor | C20: =('+Armor'!$O$15-Baseline!$O$15)/10 -> 0 | D20: =C20/MAX($C$20:$C$29) -> 0
B21: Strength | C21: =('+Strength'!$O$15-Baseline!$O$15)/10 -> 96.211805 | D21: =C21/MAX($C$20:$C$29) -> 0.20440387
B22: Stamina | C22: =('+Stamina'!$O$15-Baseline!$O$15)/10 -> 0 | D22: =C22/MAX($C$20:$C$29) -> 0
B23: Critical Strike | C23: =('+Critical Strike'!$O$15-Baseline!$O$15)/10 -> 63.016361 | D23: =C23/MAX($C$20:$C$29) -> 0.1338795
B24: Haste | C24: =('+Haste'!$O$15-Baseline!$O$15)/10 -> 71.461462 | D24: =C24/MAX($C$20:$C$29) -> 0.15182128
B25: Versatility | C25: =('+Versatility'!$O$15-Baseline!$O$15)/10 -> 47.664984 | D25: =C25/MAX($C$20:$C$29) -> 0.10126519
B26: Mastery | C26: =('+Mastery'!$O$15-Baseline!$O$15)/10 -> 59.179999 | D26: =C26/MAX($C$20:$C$29) -> 0.12572907
B27: Leech | C27: =('+Leech'!$O$15-Baseline!$O$15)/10 -> 0 | D27: =C27/MAX($C$20:$C$29) -> 0
B28: Avoidance | C28: =('+Avoidance'!$O$15-Baseline!$O$15)/10 -> 0 | D28: =C28/MAX($C$20:$C$29) -> 0
B29: Weapon DPS | C29: ='+Weapon DPS'!$O$15-Baseline!$O$15 -> 470.69464 | D29: =C29/MAX($C$20:$C$29) -> 1
B30: Pawn String | C30: ="( Pawn: v1: ""BDK Overall DPS"": Leech="&D27&", CritRating="&D23&", Dps="&D29&", Strength="&D21&", HasteRating="&D24&", MasteryRating="&D26&", Stamina="&D22&", Armor="&D20&", Versatility="&D25&" )" -> ( Pawn: v1: "BDK Overall DPS": Leech=0, CritRating=0.133879496504267, Dps=1, Strength=0.204403868746095, HasteRating=0.151821279689373, MasteryRating=0.125729070391317, Stamina=0, Armor=0, Versatility=0.101265194419826 )
B32: Priority DPS Stat Weights | C32: Raw | D32: Normalized
B33: Armor | C33: =('+Armor'!$P$15-Baseline!$P$15)/10 -> 0 | D33: =C33/MAX($C$33:$C$42) -> 0
B34: Strength | C34: =('+Strength'!$P$15-Baseline!$P$15)/10 -> 33.075504 | D34: =C34/MAX($C$33:$C$42) -> 0.2034276
B35: Stamina | C35: =('+Stamina'!$P$15-Baseline!$P$15)/10 -> 0 | D35: =C35/MAX($C$33:$C$42) -> 0
B36: Critical Strike | C36: =('+Critical Strike'!$P$15-Baseline!$P$15)/10 -> 21.203397 | D36: =C36/MAX($C$33:$C$42) -> 0.13040939
B37: Haste | C37: =('+Haste'!$P$15-Baseline!$P$15)/10 -> 25.269648 | D37: =C37/MAX($C$33:$C$42) -> 0.15541846
B38: Versatility | C38: =('+Versatility'!$P$15-Baseline!$P$15)/10 -> 16.403834 | D38: =C38/MAX($C$33:$C$42) -> 0.10089016
B39: Mastery | C39: =('+Mastery'!$P$15-Baseline!$P$15)/10 -> 20.442419 | D39: =C39/MAX($C$33:$C$42) -> 0.12572907
B40: Leech | C40: =('+Leech'!$P$15-Baseline!$P$15)/10 -> 0 | D40: =C40/MAX($C$33:$C$42) -> 0
B41: Avoidance | C41: =('+Avoidance'!$P$15-Baseline!$P$15)/10 -> 0 | D41: =C41/MAX($C$33:$C$42) -> 0
B42: Weapon DPS | C42: ='+Weapon DPS'!$P$15-Baseline!$P$15 -> 162.59103 | D42: =C42/MAX($C$33:$C$42) -> 1
B43: Pawn String | C43: ="( Pawn: v1: ""BDK Priority DPS"": Leech="&D40&", CritRating="&D36&", Dps="&D42&", Strength="&D34&", HasteRating="&D37&", MasteryRating="&D39&", Stamina="&D35&", Armor="&D33&", Versatility="&D38&" )" -> ( Pawn: v1: "BDK Priority DPS": Leech=0, CritRating=0.13040939201827, Dps=1, Strength=0.203427604503727, HasteRating=0.155418463575789, MasteryRating=0.125729070391337, Stamina=0, Armor=0, Versatility=0.100890155742055 )
B45: Reliable EHP Stat Weights | C45: Raw | D45: Normalized
B46: Armor | C46: =('+Armor'!$Q$15-Baseline!$Q$15)/10 -> 794.25298 | D46: =C46/MAX($C$46:$C$55) -> 0.66532821
B47: Strength | C47: =('+Strength'!$Q$15-Baseline!$Q$15)/10 -> 1193.7762 | D47: =C47/MAX($C$46:$C$55) -> 1
B48: Stamina | C48: =('+Stamina'!$Q$15-Baseline!$Q$15)/10 -> 214.09587 | D48: =C48/MAX($C$46:$C$55) -> 0.17934339
B49: Critical Strike | C49: =('+Critical Strike'!$Q$15-Baseline!$Q$15)/10 -> 21.841925 | D49: =C49/MAX($C$46:$C$55) -> 0.018296499
B50: Haste | C50: =('+Haste'!$Q$15-Baseline!$Q$15)/10 -> 70.9196 | D50: =C50/MAX($C$46:$C$55) -> 0.059407785
B51: Versatility | C51: =('+Versatility'!$Q$15-Baseline!$Q$15)/10 -> 1010.2446 | D51: =C51/MAX($C$46:$C$55) -> 0.84625965
B52: Mastery | C52: =('+Mastery'!$Q$15-Baseline!$Q$15)/10 -> 0 | D52: =C52/MAX($C$46:$C$55) -> 0
B53: Leech | C53: =('+Leech'!$Q$15-Baseline!$Q$15)/10 -> 0 | D53: =C53/MAX($C$46:$C$55) -> 0
B54: Avoidance | C54: =('+Avoidance'!$Q$15-Baseline!$Q$15)/10 -> 0 | D54: =C54/MAX($C$46:$C$55) -> 0
B55: Weapon DPS | C55: ='+Weapon DPS'!$Q$15-Baseline!$Q$15 -> 0 | D55: =C55/MAX($C$46:$C$55) -> 0
B56: Pawn String | C56: ="( Pawn: v1: ""BDK EHP(r)"": Leech="&D53&", CritRating="&D49&", Dps="&D55&", Strength="&D47&", HasteRating="&D50&", MasteryRating="&D52&", Stamina="&D48&", Armor="&D46&", Versatility="&D51&" )" -> ( Pawn: v1: "BDK EHP(r)": Leech=0, CritRating=0.0182964987851181, Dps=0, Strength=1, HasteRating=0.0594077846857155, MasteryRating=0, Stamina=0.179343390852802, Armor=0.665328209760102, Versatility=0.846259649575452 )
B58: Reliable and Controllalbe EHP Stat Weights | C58: Raw | D58: Normalized
B59: Armor | C59: =('+Armor'!$R$15-Baseline!$R$15)/10 -> 976.36305 | D59: =C59/MAX($C$59:$C$68) -> 0.66509191
B60: Strength | C60: =('+Strength'!$R$15-Baseline!$R$15)/10 -> 1468.0122 | D60: =C60/MAX($C$59:$C$68) -> 1
B61: Stamina | C61: =('+Stamina'!$R$15-Baseline!$R$15)/10 -> 263.18478 | D61: =C61/MAX($C$59:$C$68) -> 0.1792797
B62: Critical Strike | C62: =('+Critical Strike'!$R$15-Baseline!$R$15)/10 -> 28.834405 | D62: =C62/MAX($C$59:$C$68) -> 0.019641802
B63: Haste | C63: =('+Haste'!$R$15-Baseline!$R$15)/10 -> 376.50306 | D63: =C63/MAX($C$59:$C$68) -> 0.25647134
B64: Versatility | C64: =('+Versatility'!$R$15-Baseline!$R$15)/10 -> 1246.9305 | D64: =C64/MAX($C$59:$C$68) -> 0.84940061
B65: Mastery | C65: =('+Mastery'!$R$15-Baseline!$R$15)/10 -> 0 | D65: =C65/MAX($C$59:$C$68) -> 0
B66: Leech | C66: =('+Leech'!$R$15-Baseline!$R$15)/10 -> 0 | D66: =C66/MAX($C$59:$C$68) -> 0
B67: Avoidance | C67: =('+Avoidance'!$R$15-Baseline!$R$15)/10 -> 0 | D67: =C67/MAX($C$59:$C$68) -> 0
B68: Weapon DPS | C68: ='+Weapon DPS'!$R$15-Baseline!$R$15 -> 0 | D68: =C68/MAX($C$59:$C$68) -> 0
B69: Pawn String | C69: ="( Pawn: v1: ""BDK EHP(rc)"": Leech="&D66&", CritRating="&D62&", Dps="&D68&", Strength="&D60&", HasteRating="&D63&", MasteryRating="&D65&", Stamina="&D61&", Armor="&D59&", Versatility="&D64&" )" -> ( Pawn: v1: "BDK EHP(rc)": Leech=0, CritRating=0.0196418020716248, Dps=0, Strength=1, HasteRating=0.256471338540615, MasteryRating=0, Stamina=0.179279696110981, Armor=0.665091914971862, Versatility=0.849400614064432 )
B71: Unreliable EHP Stat Weights | C71: Raw | D71: Normalized
B72: Armor | C72: =('+Armor'!$S$15-Baseline!$S$15)/10 -> 1666.8973 | D72: =C72/MAX($C$59:$C$68) -> 1.1354792
B73: Strength | C73: =('+Strength'!$S$15-Baseline!$S$15)/10 -> 3711.0411 | D73: =C73/MAX($C$59:$C$68) -> 2.5279361
B74: Stamina | C74: =('+Stamina'!$S$15-Baseline!$S$15)/10 -> 497.10984 | D74: =C74/MAX($C$59:$C$68) -> 0.33862787
B75: Critical Strike | C75: =('+Critical Strike'!$S$15-Baseline!$S$15)/10 -> 3864.5193 | D75: =C75/MAX($C$59:$C$68) -> 2.6324845
B76: Haste | C76: =('+Haste'!$S$15-Baseline!$S$15)/10 -> 1383.3582 | D76: =C76/MAX($C$59:$C$68) -> 0.94233427
B77: Versatility | C77: =('+Versatility'!$S$15-Baseline!$S$15)/10 -> 2346.8978 | D77: =C77/MAX($C$59:$C$68) -> 1.5986909
B78: Mastery | C78: =('+Mastery'!$S$15-Baseline!$S$15)/10 -> 7.4505806e-10 | D78: =C78/MAX($C$59:$C$68) -> 0
B79: Leech | C79: =('+Leech'!$S$15-Baseline!$S$15)/10 -> 7.4505806e-10 | D79: =C79/MAX($C$59:$C$68) -> 0
B80: Avoidance | C80: =('+Avoidance'!$S$15-Baseline!$S$15)/10 -> 7.4505806e-10 | D80: =C80/MAX($C$59:$C$68) -> 0
B81: Weapon DPS | C81: ='+Weapon DPS'!$S$15-Baseline!$S$15 -> 7.4505806e-09 | D81: =C81/MAX($C$59:$C$68) -> 0
B82: Pawn String | C82: ="( Pawn: v1: ""BDK EHP(u)"": Leech="&D79&", CritRating="&D75&", Dps="&D81&", Strength="&D73&", HasteRating="&D76&", MasteryRating="&D78&", Stamina="&D74&", Armor="&D72&", Versatility="&D77&" )" -> ( Pawn: v1: "BDK EHP(u)": Leech=5.07528516668376E-13, CritRating=2.63248446834645, Dps=5.07528516668376E-12, Strength=2.52793609627272, HasteRating=0.942334268729793, MasteryRating=5.07528516668376E-13, Stamina=0.338627867387225, Armor=1.13547916258499, Versatility=1.59869094890837 )
B84: Color Legend
B85: Information Only
B86: Raw Calculation
B87: Normalized Calculation
B88: Information Only (Alternate)
B89: String
D162: 1 | E162: 1
D163: 2 | E163: 1
D164: 3 | E164: 1
D165: 4 | E165: 0
D166: 5 | E166: 1
D167: 6 | E167: 1
D168: 7 | E168: 2
D169: 8 | E169: 1
D170: 9 | E170: 0
D171: 10 | E171: 1

Sheet Baseline
B2: Baseline Profile
B4: Input Attributes | C4: Character Sheet | D4: Averate Ratings | E4: Diminished Ratings | G4: Attribute Calculations | N4: Damage Taken Breakdown
B5: Armor | C5: =Inputs!C7 -> 3852 | G5: Base Armor | H5: =C5/(1+C21*0.05*(1+0.2*C63)) -> 3852 | I5: Modified Armor | J5: =(C5*1.45+((J6*(1+E116)*(1+D157)*1.8)+IF(E28=3,1,0)*1.13*(1-exp(-1*$J$9*12/60))*($J$6*(1+E116)*(1+D157)*0.02*$J$10)))*(1+0.06*C75) -> 12077.944 | K5: Physical Damage Reduction | L5: =(J5 / (J5 + C154)) -> 0.75277812 | N5: Damage Taken Per Second | O5: Unmitigated | P5: Passively Mitigated | Q5: Dancing Rune Weapon Mitigation | R5: Icebound Fortitude Mitigated | S5: Misc Mitigation | T5: Fully Mitigated | U5: Anti-Magic Zone Healing | V5: Anti-Magic Shell Healing | W5: Other Healing | X5: EHRPS
B6: Strength | C6: =Inputs!C8 -> 2672 | G6: Base Strength | H6: =C6/(1+C21*0.05*(1+0.2*C63))-C34*33 -> 2672 | I6: Modified Strength | J6: =(C6+E32*252*8/120+E34*50)*(1+B21*1.13*(1-exp(-3*J9*15/60))*0.15*(1+0.2*C63))*(1+0.03*C77*(1-(0.85)^(8*L9)))*(1+0.1*12*(1/S40)*C131*(1-IF(OR(D100=1,AND(C152<4,C131=1)),0,1)*IF(D100=2,1-(1-(0.75)^((5+(H15/2))/H15))/(1+3*(1-(0.75)^((5+(H15/2))/H15))*C82),1)*IF(NOT(OR(OR(D100=1,AND(C152<4,C131=1)),D100=2)),1-(1-(0.75)^((4+(H15/2))/H15)),1)))*(1+0.1*T69*8*IF(C152=1,1,0)) -> 2890.6542 | K6: Raw Parry from Strength | L6: =(J6-622)/19130 -> 0.11859144 | N6: Physical ST Damage | O6: =P6/(1-$L$14)/(1-$L$5)/$L$10/(1-0.01*E32)/(1-0.2/C152*C74)/(1-C51*0.12/C152*1.13*(1-exp(-3*6/60*55/120)))/(1-$C$135*$C$130*$D$130*0.075)/(1-$C$131*E136*10/S40*0.08)/(1-F116)/(1-E157)/(1-IF(C127>1,1)*0.06*E127)/(1-(0.04*10*(1/S40)*C100*(1-IF(OR(D100=1,AND(C152<4,C131=1)),0,1)*IF(D100=2,1-(1-(0.75)^((5+(H15/2))/H15))/(1+3*(1-(0.75)^((5+(H15/2))/H15))*C82),1)*IF(NOT(OR(OR(D100=1,AND(C152<4,C131=1)),D100=2)),1-(1-(0.75)^((4+(H15/2))/H15)),1))))/(1-C120*0.025)+E26*C152/2*C7*0.0003*30 -> 3608042.3 | P6: =Q6/(1-((1-(1-(T38*(8+C110*4)))*(1-IF(C127>3,1,0)*(1-0.875^(8*(T40+T43+T51+T57+T63)))))*MIN(0.3/(1-$L$14),1))) -> 428388.04 | Q6: =R6/(1-($T$52*8)*(0.3+0.1*$E$139)) -> 328767.12 | R6: =S6/(1-($T$70*8)*0.1)/(1-($T$26*8)*0.1)/(1-($T$35*($Q$35+8/2^($D$121-1)))*(0.05*$D$121)) -> 320000 | S6: =T6 -> 320000 | T6: =(1-C146-C147)*T10 -> 320000
B7: Stamina | C7: =Inputs!C9 -> 77197 | G7: Base Stamina | H7: =(C7/(1+C21*0.05*(1+0.2*C63))/1.05/(1+0.2*C55)/(1.4))-C26*99 -> 43762.472 | I7: Total Health | J7: =C7*20 -> 1543940 | K7: Modified Health | L7: =(J7+IF(E28=3,1,0)*1.13*(1-exp(-1*$J$9*12/60))*($J$6*1.3*$J$10))*(1+0.01*C97*(D97+2*C104)) -> 1682894.6 | N7: Physical AoE Damage | O7: =P7/$J$13/(1-$L$5)/$L$10/(1-0.01*E32)/(1-C51*0.12/C152*1.13*(1-exp(-3*6/60*55/120)))/(1-$C$135*$C$130*$D$130*0.075)/(1-$C$131*E136*10/S40*0.08)/(1-IF(C127>1,1)*0.06*E127)/(1-(0.04*10*(1/S40)*C100*(1-IF(OR(D100=1,AND(C152<4,C131=1)),0,1)*IF(D100=2,1-(1-(0.75)^((5+(H15/2))/H15))/(1+3*(1-(0.75)^((5+(H15/2))/H15))*C82),1)*IF(NOT(OR(OR(D100=1,AND(C152<4,C131=1)),D100=2)),1-(1-(0.75)^((4+(H15/2))/H15)),1))))/(1-C120*0.025) -> 0 | P7: =R7/(1-($T$52*8)*(0.3+0.1*$E$139)) -> 0 | R7: =S7/(1-($T$70*8)*0.1)/(1-($T$26*8)*0.1)/(1-($T$35*($Q$35+8/2^($D$121-1)))*(0.05*$D$121)) -> 0 | S7: =T7 -> 0 | T7: =C147*T10 -> 0
B8: Critical Strike Rating | C8: =Inputs!C10 -> 778.5 | D8: =C8+225*15/2/120*IF(1<(IF(C8>C9,1,0)+IF(C8>C10,1,0)+IF(C8>C11,1,0)),E27,0) -> 778.5 | E8: =IF(D8<=1380,D8,IF(D8<=1840,1380+0.9*(D8-1380),IF(D8<=2300,1794+0.8*(D8-1840),IF(D8<=2760,2162+0.7*(D8-2300),IF(D8<=3680,2484+0.6*(D8-2760),IF(D8<=9200,3036+0.5*(D8-3680),5796)))))) -> 778.5 | G8: Critical Strike | H8: =E8/4600+0.05+(C28+C32+C35)*0.01+IF(E28=4,1,0)*1.13*(1-exp(-1*$J$9*12/60))*0.04 -> 0.21923913 | I8: Critical Strike Multiplier | J8: =1+H8*(1+2*0.02*(C26+C31)) -> 1.2192391 | K8: Raw Parry from Critical Strike | L8: =E8/5200/(1+0.02*C30) -> 0.14971154 | N8: Magical ST Damage | O8: =P8/$L$10/(1-C51*0.12/C152*1.13*(1-exp(-3*6/60*55/120)))/(1-$C$135*$C$130*$D$130*0.075)/(1-0.08*$C$80)/(1-IF(C127>1,1)*0.06*E127)/(1-(0.04*10*(1/S40)*C100*(1-IF(OR(D100=1,AND(C152<4,C131=1)),0,1)*IF(D100=2,1-(1-(0.75)^((5+(H15/2))/H15))/(1+3*(1-(0.75)^((5+(H15/2))/H15))*C82),1)*IF(NOT(OR(OR(D100=1,AND(C152<4,C131=1)),D100=2)),1-(1-(0.75)^((4+(H15/2))/H15)),1))))/(1-C120*0.025) -> 112528.84 | P8: =R8/(1-($T$52*8)*(0.3+0.1*$E$139)) -> 82191.781 | R8: =S8/(1-($T$70*8)*0.1)/(1-($T$26*8)*0.1)/(1-($T$35*($Q$35+8/2^($D$121-1)))*(0.05*$D$121)) -> 80000 | S8: =T8 -> 80000 | T8: =(C146-C148)*T10 -> 80000 | U8: =T8*(T20*(6+2*C67))*0.15 -> 0 | V8: =IF(T8-U8-$T$19*(($L$7*0.3*$J$10*(1+0.4*$C$68)*(1+0.15*$C$46)))>0,$T$19*($L$7*0.3*$J$10*(1+0.4*$C$68)*(1+0.15*$C$46)),T8-U8) -> 11765.668
B9: Haste Rating | C9: =Inputs!C11 -> 1053.5 | D9: =C9+225*15/2/120*IF(1<(IF(C9>C8,1,0)+IF(C9>C10,1,0)+IF(C9>C11,1,0)),E27,0) -> 1053.5 | E9: =IF(D9<=1320,D9,IF(D9<=1760,1320+0.9*(D9-1320),IF(D9<=2200,1716+0.8*(D9-1760),IF(D9<=2640,2068+0.7*(D9-2200),IF(D9<=3520,2376+0.6*(D9-2640),IF(D9<=8800,2904+0.5*(D9-3520),5544)))))) -> 1053.5 | G9: Haste | H9: =(1+(C29+C33)*0.01)*E9/4400+(C29+C33)*0.01 -> 0.23943182 | I9: Haste Multiplier | J9: =(1+H9)*(1+C27*0.15/18)*(1+0.1*C104)*(1+0.02*C49)*(1+0.01*K134) -> 1.5245749 | K9: Rune Regeneration | L9: =3/10*J9 -> 0.45737248 | N9: Magical AoE Damage | O9: =P9/$J$13/$L$10/(1-C51*0.12/C152*1.13*(1-exp(-3*6/60*55/120)))/(1-$C$135*$C$130*$D$130*0.075)/(1-0.08*$C$80)/(1-IF(C127>1,1)*0.06*E127)/(1-(0.04*10*(1/S40)*C100*(1-IF(OR(D100=1,AND(C152<4,C131=1)),0,1)*IF(D100=2,1-(1-(0.75)^((5+(H15/2))/H15))/(1+3*(1-(0.75)^((5+(H15/2))/H15))*C82),1)*IF(NOT(OR(OR(D100=1,AND(C152<4,C131=1)),D100=2)),1-(1-(0.75)^((4+(H15/2))/H15)),1))))/(1-C120*0.025) -> 0 | P9: =S9/(1-($T$52*8)*(0.3+0.1*$E$139)) -> 0 | R9: =S9/(1-($T$70*8)*0.1)/(1-($T$26*8)*0.1)/(1-($T$35*($Q$35+8/2^($D$121-1)))*(0.05*$D$121)) -> 0 | S9: =T9 -> 0 | T9: =C148*T10 -> 0 | U9: =T8*(T20*(6+2*C67))*0.15 -> 0 | V9: =IF(T8+T9-U8-U9-V8>0,MIN($T$19*($L$7*0.3*$J$10*(1+0.4*$C$68)*(1+0.15*$C$46))-V8,T8+T9-U8-U9-V8),0) -> 0
B10: Versatility Rating | C10: =Inputs!C12 -> 1514.5 | D10: =C10+65*E24+225*15/2/120*IF(1<(IF(C10>C8,1,0)+IF(C10>C9,0)+IF(C10>C11,1,0)),E27,0) -> 1514.5 | E10: =IF(D10<=1620,D10,IF(D10<=2160,1622+0.9*(D10-1620),IF(D10<=2700,2106+0.8*(D10-2160),IF(D10<=3240,2538+0.7*(D10-2700),IF(D10<=4320,2916+0.6*(D10-3240),IF(D10<=10800,3564+0.5*(D10-4320),6804)))))) -> 1514.5 | G10: Versatility | H10: =E10/5400+(E26+E33)*0.01 -> 0.28046296 | I10: Damage/Healing Multiplier | J10: =1+H10 -> 1.280463 | K10: Damage Taken Multiplier | L10: =1-H10/2 -> 0.85976852 | N10: Total | O10: =SUM(O6:O9) -> 3720571.1 | P10: =SUM(P6:P9) -> 510579.82 | Q10: =SUM(Q6:Q9) -> 328767.12 | R10: =SUM(R6:R9) -> 400000 | S10: =SUM(S6:S9) -> 400000 | T10: =C145 -> 400000 | U10: =SUM(U6:U9) -> 0 | V10: =sum(V6:V9) -> 11765.668 | W10: =(Y77+C27*0.0011*L7*(1-C144)) -> 384443.55 | X10: =(MAX((T10-U10-V10-W10),0)*(1-$T$76*(10+2*C92))+MAX((T10-U10-V10-W10*(1.3+0.05*C92)),0)*($T$76*(10+2*C92))/(1.3+0.05*C92))/IF(D100=2,(1+0.06*(1-T40*(1-(0.75)^((5+(H15/2))/H15))/(1+3*(1-(0.75)^((5+(H15/2))/H15))*C82)/(1-(0.75)^((5+(H15/2))/H15)))),(1+0.02*C49)) -> 1257.4746
B11: Mastery Rating | C11: =Inputs!C13 -> 479.5 | D11: =C11+225*15/2/120*IF(1<(IF(C11>C8,1,0)+IF(C11>C10,1,0)+IF(C11>C9,1,0)),E27,0) -> 479.5 | E11: =IF(D11<=1380,D11,IF(D11<=1840,1380+0.9*(D11-1380),IF(D11<=2300,1794+0.8*(D11-1840),IF(D11<=2760,2162+0.7*(D11-2300),IF(D11<=3680,2484+0.6*(D11-2760),IF(D11<=9200,3036+0.5*(D11-3680),5796)))))) -> 479.5 | G11: Mastery | H11: =0.16+E11/2300+0.002*(C131*K134) -> 0.38352364 | I11: Blood Shield Multiplier | J11: =H11 -> 0.38352364 | K11: Attack Power Multiplier | L11: =1+H11/2 -> 1.1917618
B12: Leech Rating | C12: =Inputs!C14 -> 0 | D12: =C12 -> 0 | E12: =IF(D12<=690,D12,IF(D12<=1035,690+0.8*(D12-690),IF(D12<=1380,966+0.6*(D12-1035),1173+0.4*(D12-1380)))) -> 0 | G12: Leech | H12: =E12/6900+C71*0.03+C131*E138*0.02 -> 0.03 | I12: Leech Healing Multiplier | J12: =H12 -> 0.03 | K12: Modified Leech Multiplier | L12: =J12+C111*0.15*MIN(8*T42,1)+0.06*(10+2*$C$72)*T54*(1+C131*E138) -> 0.185
B13: Avoidance Rating | C13: =Inputs!C15 -> 0 | D13: =C13 -> 0 | E13: =IF(D13<=368,D13,IF(D13<=552,368+0.8*(D13-368),IF(D13<=736,515.2+0.6*(D13-552),625.6+0.4*(D13-736)))) -> 0 | G13: Avoidance | H13: =E13/3680+C70*0.03 -> 0 | I13: AoE Damage Taken Multiplier | J13: =1-H13 -> 1 | K13: Total Parry Chance | L13: =622/19130+0.03+(L6+L8)/((L6+L8)*1+1/0.94)+0.05*8*T28 -> 0.26392296 | N13: Performance Measures
B14: Base Weapon DPS | C14: =Inputs!C16 -> 151.4 | G14: Dodge | H14: =0.03+0.02*C32 -> 0.03 | I14: Misc. Damage Done Multiplier | J14: =(1+E30*0.05*(1.13*(1-exp(-1*J9*15/60))))*(1+C57*0.06*(1-0.85^(5/(3/((1/(1-0.15*C107))*(1+C130))))))*(1+C117*0.05)*IF(D100=2,(1+0.06*C119*(1-T40*(1-(0.75)^((5+(H15/2))/H15))/(1+3*(1-(0.75)^((5+(H15/2))/H15))*C82)/(1-(0.75)^((5+(H15/2))/H15)))),(1+0.06*(14-5*C131*E137)*C119*(1/S40)))*(1+IF(C127>2,2,IF(C127=2,1,0))*0.03*E127) -> 1.1873319 | K14: Attack Avoidance Chance | L14: =MAX(L13-0.015*(C153-90),0)+MAX(H14-0.015*(C153-90),0)+MAX(0.03-0.015*(C153-90),0) -> 0.32392296 | N14: Mitigation Factor | O14: Overall DPS | P14: Priority DPS | Q14: Reliable EHP | R14: Reliable and Controllable EHP | S14: Unreliable EHP
B15: Base Weapon Speed | C15: =Inputs!C17 -> 3.6 | G15: Ave. Weapon Speed | H15: =C15/(J9*(1+0.06*(3+1.5*C130*C136)*C59*D59))/((195.5+21.9*C152-0.673*C152^2)/195.5) -> 1.3785993 | I15: Misc. Healing Done Multiplier | J15: =(1+E30*0.05*(1.13*(1-exp(-1*J9*15/60))))*IF(D100=2,(1+0.06*C119*(1-T40*(1-(0.75)^((5+(H15/2))/H15))/(1+3*(1-(0.75)^((5+(H15/2))/H15))*C82)/(1-(0.75)^((5+(H15/2))/H15)))),(1+0.02*C49))*(1+C73*0.15*(5+2*C68)*(1/S19*C149*(1-C150)))*(1+0.01*E31) -> 1.04 | K15: Bone Shield Consumption | L15: =IF(C127=4,1/(2.5+(2/(1-(L14+0.3*(0.151+0.367*(J8)-0.0791*(J8)^2+0.0086*(J8)^3)))-1+IF(C152=1,0.5,0))/C152),1/(2.5+(2/(1-(L14+0.3*T38*(8+C110*4)))-1+IF(C152=1,0.5,0))/C152)) -> 0.32692409 | N15: =IF(X10=0,"Self-Sufficient (+"&Round(-((T10-U10-V10-W10)*(1-$T$76*(10+2*C92))+(T10-U10-V10-W10*(1.3+0.05*C92))*($T$76*(10+2*C92)))/O10%,2)&"%)",($O$10-$X$10)/$O$10) -> 0.99966202 | O15: =V77 -> 324430.93 | P15: =W77 -> 112067.47 | Q15: =$L$7/(1-(1-(1-$L$5)*(1-$C$131*E136*10/S40*0.08))*(($T$6/(1-$L$14)/(1-((1-(1-(T38*(8+C110*4)))*(1-IF(C127>3,1,0)*8*0.125*(T40+T43+T51+T57+T63)))*MIN(0.3/(1-$L$14),1)))+$T$7)/(1-$L$5))/((($T$6/(1-$L$14)/(1-((1-(1-(T38*(8+C110*4)))*(1-IF(C127>3,1,0)*8*0.125*(T40+T43+T51+T57+T63)))*MIN(0.3/(1-$L$14),1)))+$T$7)/(1-$L$5))+$T$8+$T$9))/$L$10*(0.7+0.3/(1-0.15*C79-0.05*IF(C79>0,1,0)))/(1-$C$135*$C$130*$D$130*0.075)/(1-(0.08*$C$80)*(1-(($T$6/(1-$L$14)/(1-((1-(1-(T38*(8+C110*4)))*(1-IF(C127>3,1,0)*8*0.125*(T40+T43+T51+T57+T63)))*MIN(0.3/(1-$L$14),1)))+$T$7)/(1-$L$5))/((($T$6/(1-$L$14)/(1-((1-(1-(T38*(8+C110*4)))*(1-IF(C127>3,1,0)*8*0.125*(T40+T43+T51+T57+T63)))*MIN(0.3/(1-$L$14),1)))+$T$7)/(1-$L$5))+$T$8+$T$9)))/(1-(0.05*C131*E136)*((($T$6/(1-$L$14)/(1-((1-(1-(T38*(8+C110*4)))*(1-IF(C127>3,1,0)*8*0.125*(T40+T43+T51+T57+T63)))*MIN(0.3/(1-$L$14),1)))+$T$7)/(1-$L$5))/((($T$6/(1-$L$14)/(1-((1-(1-(T38*(8+C110*4)))*(1-IF(C127>3,1,0)*8*0.125*(T40+T43+T51+T57+T63)))*MIN(0.3/(1-$L$14),1)))+$T$7)/(1-$L$5))+$T$8+$T$9))) -> 9369364.5 | R15: =$L$7/(1-(1-(1-$L$5)*(1-$C$131*E136*10/S40*0.08))*(($T$6/(1-$L$14)/(1-((1-(1-(T38*(8+C110*4)))*(1-IF(C127>3,1,0)*8*0.125*(T40+T43+T51+T57+T63)))*MIN(0.3/(1-$L$14),1)))+$T$7)/(1-$L$5))/((($T$6/(1-$L$14)/(1-((1-(1-(T38*(8+C110*4)))*(1-IF(C127>3,1,0)*8*0.125*(T40+T43+T51+T57+T63)))*MIN(0.3/(1-$L$14),1)))+$T$7)/(1-$L$5))+$T$8+$T$9))/$L$10*(0.7+0.3/(1-0.15*C79-0.05*IF(C79>0,1,0)))/(T10/(Q10+P7+P8+P9))*(1+$T$76*(10+2*C92)*0.3)/(1-$C$135*$C$130*$D$130*0.075)/(1-(0.08*$C$80)*(1-(($T$6/(1-$L$14)/(1-((1-(1-(T38*(8+C110*4)))*(1-IF(C127>3,1,0)*8*0.125*(T40+T43+T51+T57+T63)))*MIN(0.3/(1-$L$14),1)))+$T$7)/(1-$L$5))/((($T$6/(1-$L$14)/(1-((1-(1-(T38*(8+C110*4)))*(1-IF(C127>3,1,0)*8*0.125*(T40+T43+T51+T57+T63)))*MIN(0.3/(1-$L$14),1)))+$T$7)/(1-$L$5))+$T$8+$T$9)))/(1-(0.05*C131*E136)*((($T$6/(1-$L$14)/(1-((1-(1-(T38*(8+C110*4)))*(1-IF(C127>3,1,0)*8*0.125*(T40+T43+T51+T57+T63)))*MIN(0.3/(1-$L$14),1)))+$T$7)/(1-$L$5))/((($T$6/(1-$L$14)/(1-((1-(1-(T38*(8+C110*4)))*(1-IF(C127>3,1,0)*8*0.125*(T40+T43+T51+T57+T63)))*MIN(0.3/(1-$L$14),1)))+$T$7)/(1-$L$5))+$T$8+$T$9))) -> 11517617 | S15: =$L$7*O10/T10*(0.7+0.3/(1-0.15*C79-0.05*IF(C79>0,1,0)))*(1+($T$76*(10+2*C92))*0.3) -> 21754755
B17: Runeforging | G17: Abilities | H17: Attack Power Multiplier | I17: Specialization Multiplier | J17: Base/Tooltip Damage | K17: Overall Damage Per Cast | L17: Priority Damage Per Cast | M17: Average Healing Per Cast | N17: Runes Per Cast | O17: Runic Power Per Cast | P17: Bone Shield Per Cast | Q17: Cast Time | R17: Base Cooldown | S17: Effective Cooldown | T17: Casts Per Second | U17: Time Utilization | V17: Overall DPS | W17: Priority DPS | X17: HPS | Y17: EHPS | Z17: Runes Per Second | AA17: Runic Power Per Second | AB17: Bone Shield Per Second
B18: Razorice | C18: Sanguination | D18: Spellwarding | E18: Apocalypse | G18: Abomination Limb | Q18: =1.5/$J$9 -> 0.9838808 | R18: 120 | S18: =R18+$C$151 -> 120.8 | T18: =1/S18*C102*D102 -> 0 | U18: =T18*Q18 -> 0
B19: =Inputs!B21 | C19: =Inputs!C21 -> 1 | G19: Anti-Magic Shell | O19: =AA19/T19 -> 58.261065 | R19: 60 | S19: =(R19-20*C68+20*C81) -> 40 | T19: =1/S19*C149*C150 -> 0.01 | AA19: =T19*$J$10*(1+0.4*$C$68)*(1+0.15*$C$46)*25 -> 0.58261065
B20: Fallen Crusader | C20: Stoneskin Gargoyle | D20: Unending Thirst | G20: Anti-Magic Zone | Q20: =1.5/$J$9 -> 0.9838808 | R20: 240 | S20: =240-60*C67 -> 180 | T20: =1/S20*C61*D61 -> 0 | U20: =T20*Q20 -> 0
B21: =Inputs!B23 | C21: =Inputs!C23 | G21: Arcane Pulse | H21: 1.5 | J21: =($J$6*(1+$E$116)*(1+$D$157)+$C$14*6)*H21*$J$10*$L$11*(1+0.01*E25) -> 9466.3379 | K21: =J21*$J$8*$C$152*$J$14*(1+0.08*C120*D120) -> 70711.938 | L21: =K21/$C$152 -> 14142.388 | M21: =K21*$L$12 -> 13081.709 | Q21: =1.5/$J$9 -> 0.9838808 | R21: 180 | S21: =R21+$C$151 -> 180.8 | T21: =1/S21*E25 -> 0 | U21: =T21*Q21 -> 0 | V21: =T21*K21 -> 0 | W21: =T21*L21 -> 0 | X21: =T21*M21 -> 0 | Y21: =X21*(1-$C$144) -> 0
G22: Arcane Torrent | O22: =20 -> 20 | Q22: =1.5/$J$9 -> 0.9838808 | R22: 120 | S22: =R22+$C$151 -> 120.8 | T22: =1/S22*C28 -> 0 | U22: =T22*Q22 -> 0 | AA22: =T22*O22 -> 0
B23: Race | G23: Auto-Attack | H23: =5*C15/12*1.25*1.2 -> 2.25 | J23: =($J$6*(1+$E$116)*(1+$D$157)+169*15/120*$C$24+$C$14*6)*H23*$J$10*$L$11 -> 14199.507 | K23: =J23*$J$8*0.7*$J$14*(1+0.08*C120*D120) -> 14849.507 | L23: =K23 -> 14849.507 | M23: =K23*$L$12 -> 2747.1588 | R23: =C15 -> 3.6 | S23: =H15 -> 1.3785993 | T23: =1/S23 -> 0.72537393 | V23: =T23*K23 -> 10771.445 | W23: =T23*L23 -> 10771.445 | X23: =T23*M23 -> 1992.7174 | Y23: =X23*(1-$C$144) -> 1594.1739
B24: Orc | C24: =Inputs!C26 -> 0 | D24: Pandaren | E24: =Inputs!E26 -> 0 | G24: Blood Beasts | H24: =0.1115*1.4/6*1.36*1.075*15 -> 0.5705455 | I24: 1.15 | J24: =($J$6*(1+$E$116)*(1+$D$157)+169*15/120*$C$24+$C$14*6)*H24*$J$10*$L$11*I24*(1+0.01*C24) -> 4140.7486 | K24: =(J24*$J$8*INT($J$9*10/1+1)*0.7*$J$14+J24*7.875*1.25*$J$8*$C$152/SQRT(MAX(1,$C$152/8))*$J$14)*(1+0.15*$C$152/SQRT(MAX(1,$C$152/8))*(1+$C$131*0.05*MIN(1,5/$C$152))*J10) -> 727368.01 | L24: =(J24*$J$8*INT($J$9*10/1+1)*0.7*$J$14+J24*7.875*1.25*$J$8/SQRT(MAX(1,$C$152/8))*$J$14)+(K24/(1+0.15*$C$152/SQRT(MAX(1,$C$152/8))*(1+$C$131*0.05*MIN(1,5/$C$152))*J10))*(0.15*1/SQRT(MAX(1,$C$152/8))*(1+$C$131*0.05)*J10) -> 199182.71 | M24: =K24/((1+$C$131*0.05*MIN(1,5/$C$152)))/$C$152 -> 138546.29 | S24: =S38 -> 90.8 | T24: =1/S24*C131 -> 0.011013216 | V24: =T24*K24 -> 8010.6609 | W24: =T24*L24 -> 2193.6421 | X24: =T24*M24 -> 1525.8402 | Y24: =X24*(1-$C$144) -> 1220.6721
B25: Undead | C25: =Inputs!C27 -> 0 | D25: Nightborne | E25: =Inputs!E27 -> 0 | G25: Blood Boil | H25: =1.4256*1.15 -> 1.63944 | I25: 1.15 | J25: =($J$6*(1+$E$116)*(1+$D$157)+169*15/120*$C$24+$C$14*6)*H25*$J$10*$L$11*I25*(1+0.01*$E$25)*(1+0.3*C130) -> 11898.278 | K25: =J25*$J$8*$C$152*$J$14*(1+C130*0.15*$B$19*(1+0.2*$C$63))*(1+$C$131*0.05*MIN(1,5/$C$152))*$H$135*(1+0.08*C120*D120) -> 93322.024 | L25: =K25/$C$152 -> 18664.405 | M25: =K25*$L$12 -> 17264.574 | Q25: =1.5/$J$9 -> 0.9838808 | R25: 7.5 | S25: =1/((1/(R25/J9))+(C113/((R25/J9)/((1/(1-0.15*C107))/3*(1+C130)*(1-(1-H8)^C152)*0.25)))) -> 4.919404 | T25: =MIN(1/S25,MAX((1-SUM(U19:U23,U29:U41,U43:U50,U52:U76)-($L$9+SUM(Z19:Z50,Z52:Z76))*Q51/(-N51)+(SUM(AA19:AA24,AA26:AA41,AA43:AA50,AA52:AA76)+(($L$9+SUM(Z19:Z50)+SUM(Z52:Z76))*O51/(-N51)))/O42*Q42)/Q25*(-O42/(O25-O42)),(1+C130)/24-T47*C130*0.5)) -> 0.041666667 | U25: =T25*Q25 -> 0.040995033 | V25: =(T25+C108*T51*(1-(1-0.15)*(1-0.15*MAX(4,C152-1)))*1.5)*K25 -> 40872.216 | W25: =(T25+C108*T51*(1-(1-0.15)*(1-0.15*MAX(4,C152-1)))*1.5)*L25 -> 8174.4432 | X25: =(T25+C108*T51*0.15*1.5)*M25 -> 2274.3579 | Y25: =X25*(1-$C$144) -> 1819.4863
B26: Tauren | C26: =Inputs!C28 -> 0 | D26: Highmountain | E26: =Inputs!E28 -> 0 | G26: Blood Draw | H26: 1.2 | I26: 1.15 | J26: =($J$6*(1+$E$116)*(1+$D$157)+169*15/120*$C$24+$C$14*6)*H26*$J$10*$L$11*I26*(1+0.01*$E$25) -> 8709.0308 | K26: =J26*$J$8*$C$152*$J$14*(1+$C$131*0.05*MIN(1,5/$C$152))*(1+0.08*C120*D120) -> 68307.732 | L26: =K26/$C$152 -> 13661.546 | M26: =K26*(1+$L$12)*1.25 -> 101180.83 | R26: 120 | S26: 120 | T26: =1/S26*C76 -> 0 | V26: =T26*K26 -> 0 | W26: =T26*L26 -> 0 | X26: =T26*M26 -> 0 | Y26: =X26*(1-$C$144) -> 0
B27: Troll | C27: =Inputs!C29 -> 0 | D27: Mag'har | E27: =Inputs!E29 -> 0 | G27: Blood Feast | M27: =V10/T19 -> 1176566.8 | T27: =T19*C112 -> 0 | X27: =T27*M27 -> 0 | Y27: =X27*(1-$C$144) -> 0
B28: Blood Elf | C28: =Inputs!C30 -> 0 | D28: Zandalari | E28: =Inputs!E30 -> 0 | G28: Blood Mist | H28: 0.64 | I28: 1.15 | J28: =($J$6*(1+$E$116)*(1+$D$157)+169*15/120*$C$24+$C$14*6)*H28*$J$10*$L$11*I28*(1+0.01*E25) -> 4644.8164 | K28: =J28*$J$8*$C$152/SQRT(MAX(1,$C$152/8))*$J$14*9*(1+0.08*C120*D120)*(1+$C$131*0.05*MIN(1,5/$C$152)) -> 327877.12 | L28: =K28/$C$152 -> 65575.423 | M28: =K28*$L$12 -> 60657.266 | O28: =MIN(C152,5)*2*9 -> 90 | T28: =T38*C118 -> 0 | V28: =T28*K28 -> 0 | W28: =T28*L28 -> 0 | X28: =T28*M28 -> 0 | Y28: =X28*(1-$C$144) -> 0 | AA28: =T28*O28 -> 0
B29: Goblin | C29: =Inputs!C31 -> 0 | D29: Vulpera | E29: =Inputs!E31 -> 0 | G29: Blood Plague | H29: =0.3348*24/3*(1/(1-0.15*C107)) -> 3.1510588 | I29: 1.15 | J29: =($J$6*(1+$E$116)*(1+$D$157)+169*15/120*$C$24+$C$14*6)*H29*$J$10*$L$11*I29*(1+0.01*E25) -> 22868.89 | K29: =J29*$J$8*$C$152*$J$14*(1+0.4*C117*D117)*(1+$C$131*0.05*MIN(1,5/$C$152))*(1+0.08*C120*D120)*(1+0.15*C131)/(1+0.05*C117) -> 259314.98 | L29: =K29/$C$152 -> 51862.996 | M29: =K29*(1+0.85*$C$107+$L$12)*1.25 -> 659632.48 | V29: =K29/24*(1+C130) -> 10804.791 | W29: =L29/24*(1+C130) -> 2160.9582 | X29: =M29/24*(1+C130) -> 27484.687 | Y29: =X29*(1-$C$144) -> 21987.749
B30: Human | C30: =Inputs!C32 -> 0 | D30: Void Elf | E30: =Inputs!E32 -> 0 | G30: Blood Shield | M30: =MIN(J11*(MAX(5*0.2*T10*(1+0.05*C111),7/100*L7)*(1+0.15*C42))*$J$10*(1+0.15*C46)*(1+0.2*C115),(0.5+0.15*C114)*L7*MAX(1,T42/0.2)/(1+($T$76*(10+2*C92))*(0.3+0.05*C92))) -> 370024.84 | T30: =T42 -> 0.40134944 | X30: =MIN(T30,0.2)*M30 -> 74004.969 | Y30: =X30 -> 74004.969
B31: Dwarf | C31: =Inputs!C33 -> 0 | D31: Lightforged Draenei | E31: =Inputs!E33 -> 0 | G31: Bloody Demise | H31: 9 | J31: =($J$6*(1+$E$116)*(1+$D$157)+169*15/120*$C$24+$C$14*6)*H31*$J$10*$L$11*(1+0.01*E25) -> 56798.027 | K31: =J31*$J$8*(2*$C$152/3+1/3)*(1+$C$131*0.05*MIN(1,5.5/($C$152+0.5)))*$H$135 -> 266613.95 | L31: =K31/(2*$C$152/3+1/3) -> 72712.896 | M31: =K31*$L$12 -> 49323.581 | T31: =T42/10*C158 -> 0.040134944 | V31: =T31*K31 -> 10700.536 | W31: =T31*L31 -> 2918.328 | X31: =T31*M31 -> 1979.5992 | Y31: =X31 -> 1979.5992
B32: Night Elf | C32: =Inputs!C34 -> 0 | D32: Dark Iron Dwarf | E32: =Inputs!E34 -> 0 | G32: Bloodworms | H32: =0.235*1.4/6*1.075 -> 0.058945833 | I32: 1 | J32: =($J$6*(1+$E$116)*(1+$D$157)+169*15/120*$C$24+$C$14*6)*H32*$J$10*$L$11*I32*(1+0.01*C24) -> 372.00078 | K32: =J32*$J$8*INT($J$9*D101/1.4+1)*0.7*$J$14 -> 4146.6332 | L32: =K32 -> 4146.6332 | M32: =L7*0.5*0.15 -> 126217.1 | R32: =60/5 -> 12 | S32: =R32/1.13 -> 10.619469 | T32: =1/S32*C101 -> 0 | V32: =T32*K32 -> 0 | W32: =T32*L32 -> 0 | X32: =T32*M32 -> 0 | Y32: =X32 -> 0
B33: Gnome | C33: =Inputs!C35 -> 0 | D33: Kul Tiran | E33: =Inputs!E35 -> 0 | G33: Bloody Reflection | H33: 1.1 | I33: 1.15 | J33: =($J$6*(1+$E$116)*(1+$D$157)+169*15/120*$C$24+$C$14*6)*H33*$J$10*$L$11*I33*(1+0.01*$E$25) -> 7983.2783 | K33: =J33*$J$8*$J$14*(1+$C$131*0.05*MIN(1,5/$C$152))*$H$135*(1+0.08*C127) -> 16017.898 | L33: =K33/C$152 -> 3203.5797 | M33: =K33*$L$12 -> 2963.3112 | R33: 0.5 | S33: =1/T42 -> 2.4915944 | T33: =1/S33*C114 -> 0 | V33: =T33*K33 -> 0 | W33: =T33*L33 -> 0 | X33: =T33*M33 -> 0 | Y33: =X33 -> 0
B34: Draenei | C34: =Inputs!C36 -> 0 | D34: Mechagnome | E34: =Inputs!E36 -> 0 | G34: Brush it Off | X34: =T10*0.02*E33 -> 0 | Y34: =X34*(1-$C$144) -> 0
B35: Worgen | C35: =Inputs!C37 -> 0 | E35: =Inputs!E37 | F35: =H35/H25 -> 3.8128385 | G35: Consumption | H35: =4.8084*1.3 -> 6.25092 | I35: 1.15 | J35: =($J$6*(1+$E$116)*(1+$D$157)+169*15/120*$C$24+$C$14*6)*H35*$J$10*$L$11*I35*(1+0.01*$E$25) -> 45366.213 | K35: =J35*$J$8*$C$152/SQRT(MAX(1,$C$152/8))*$J$14*(1+$C$131*0.05*MIN(1,5/$C$152))*(1+0.08*C120*D120)+24/(1+C130)*V29*D121*0.25*(1+0.08*C120*D120) -> 422725.07 | L35: =K35/$C$152 -> 84545.015 | M35: =K35*$L$12+24/(1+C130)*V29*D121*0.25*(1+0.08*C120*D120)*(1+0.5*$C$107+$L$12)*1.25+K35*C125*1.5*J11*J10*(1+0.15*C46)*(1+0.2*C115)/(1-$C$144) -> 219119.14 | Q35: =(1+0.5*D121)/$J$9 -> 0.9838808 | R35: 45 | S35: =(R35/(1+$C$125*22.5*1.1/60*1.13*$J$9))+$C$151 -> 45.8 | T35: =1/S35*C121 -> 0 | U35: =T35*Q35 -> 0 | V35: =T35*K35 -> 0 | W35: =T35*L35 -> 0 | X35: =T35*M35 -> 0 | Y35: =X35*(1-$C$144) -> 0
G36: Corrosive Vial | H36: 2.52 | J36: =($J$6*(1+$E$116)*(1+$D$157)+$C$14*6)*H36*$J$10*$L$11 -> 15903.448 | K36: =J36*$J$8*$J$14*(1+0.08*C120*D120) -> 23759.211 | L36: =K36 -> 23759.211 | Q36: =1.5/$J$9 -> 0.9838808 | R36: 90 | S36: =R36+$C$151 -> 90.8 | T36: =1/S36*IF($E$29=1,1,0) -> 0 | U36: =T36*Q36 -> 0 | V36: =T36*K36 -> 0 | W36: =T36*L36 -> 0 | X36: =T36*M36 -> 0 | Y36: =X36*(1-$C$144) -> 0
B37: Death Knight Talents | C37: Rank | D37: Variable | G37: Dance of Midnight (Runes) | N37: 1 | T37: =F127 -> 0.14029744 | Z37: =T37*N37 -> 0.14029744
A38: Row 1 | B38: Icebound Fortitude | C38: =Inputs!C40 -> 1 | G38: Dancing Rune Weapon | I38: 1 | K38: =(SUM(V25,V42*(1+0.08*C120*D120)/(1+0.08*C120)/(1+0.6*C19*(1+0.2*C63))*MAX(1,MIN(1+C106*0.75*(C152-1),1+C106*1.5))/MAX((1+0.2*C63*C19),MIN((1+0.2*C63*C19)+C106*0.75*(C152-1),(1+0.2*C63*C19)+C106*1.5)),V43,IF(C131=1,0,V51),V57,IF(C131=1,V74*T51/T74,V74))*(8+4*C110)+INT((8+4*C110+H15/2)/H15)*V23+V29*(24/(1+C130)+(IF((8+4*C110)*T25-1>0,MIN((8+4*C110)*T25-1,1),0))*(8+4*C110)/2+(IF((8+4*C110)*T25-2>0,MIN((8+4*C110)*T25-2,1),0))*(8+4*C110)/6))*0.33*(1+0.01*$C$24)*(1+C110)*I38*(1+$C$131*0.05)*(1+C131*T51*8*0.2*(8+4*C110-4)/(8+4*C110))/(1+0.08*C120*D120)*(1+IF(C127>2,2,IF(C127=2,1,0))*0.03*E127) -> 2066007.8 | L38: =(SUM(W25,W42*(1+0.08*C120*D120)/(1+0.08*C120)/(1+0.6*C19*(1+0.2*C63))/(1+0.2*C63*C19),W43,IF(C131=1,0,W51),W57,IF(C131=1,W74*T51/T74,W74))*(8+4*C110)+INT((8+4*C110+H15/2)/H15)*W23+W29*(24/(1+C130)+(IF((8+4*C110)*T25-1>0,MIN((8+4*C110)*T25-1,1),0))*(8+4*C110)/2+(IF((8+4*C110)*T25-2>0,MIN((8+4*C110)*T25-2,1),0))*(8+4*C110)/6))*0.33*(1+0.01*$C$24)*(1+C110)*I38*(1+$C$131*0.05)*(1+C131*T51*8*0.2*(8+4*C110-4)/(8+4*C110))/(1+0.08*C120*D120)*(1+IF(C127>2,2,IF(C127=2,1,0))*0.03*E127) -> 641712.82 | P38: =D105*C105 -> 5 | Q38: =1.5/$J$9 -> 0.9838808 | R38: 120 | S38: =120-30*C105+$C$151 -> 90.8 | T38: =1/S38*C98*C149 -> 0.011013216 | U38: =T38*Q38 -> 0.010835692 | V38: =T38*K38 -> 22753.39 | W38: =T38*L38 -> 7067.3218 | AB38: =P38*T38 -> 0.055066079
B39: Death Strike | C39: =Inputs!C41 -> 1 | G39: Dancing Rune Weapon (DoM) | I39: 1 | K39: =(SUM(V25,V42*(1+0.08*C120*D120)/(1+0.08*C120)/(1+0.6*C19*(1+0.2*C63))*MAX(1,MIN(1+C106*0.75*(C152-1),1+C106*1.5))/MAX((1+0.2*C63*C19),MIN((1+0.2*C63*C19)+C106*0.75*(C152-1),(1+0.2*C63*C19)+C106*1.5)),V43,IF(C131=1,V51/(T51-T74)*(1-T38*(8+C110*4))*(T51-(0.35+0.05*14/S40*E136+E140*0.35*0.15)*T42),V51),V57,IF(C131=1,V74/T74*((1-T38*(8+C110*4))*((0.35+0.05*14/S40*E136+E140*0.35*0.15)*T42)+(T38*(8+C110*4))*T51),V74))*(6)+INT((6+H15/2)/H15)*V23+V29*(24/(1+C130)*(MIN(T25*6,1)+IF(T25*6>1,(T25*6-1)*3,0))))*0.33*(1+0.01*$C$24)*(1)*I38*(1+$C$131*0.05)*(1+C131*T51*8*0.2*(2)/(6))/(1+0.08*C120*D120)*(1+IF(C127>2,2,IF(C127=2,1,0))*0.03*E127) -> 452787.64 | L39: =(SUM(W25,W42*(1+0.08*C120*D120)/(1+0.08*C120)/(1+0.6*C19*(1+0.2*C63))/(1+0.2*C63*C19),W43,IF(C131=1,W51/(T51-T74)*(1-T38*(8+C110*4))*(T51-(0.35+0.05*14/S40*E136+E140*0.35*0.15)*T42),W51),W57,IF(C131=1,V74/T74*((1-T38*(8+C110*4))*((0.35+0.05*14/S40*E136+E140*0.35*0.15)*T42)+(T38*(8+C110*4))*T51),W74))*(6)+INT((6+H15/2)/H15)*W23+W29*(24/(1+C130)*(MIN(T25*6,1)+IF(T25*6>1,(T25*6-1)*3,0))))*0.33*(1+0.01*$C$24)*(1)*I38*(1+$C$131*0.05)*(1+C131*T51*8*0.2*(2)/(6))/(1+0.08*C120*D120)*(1+IF(C127>2,2,IF(C127=2,1,0))*0.03*E127) -> 179503.26 | S39: =IF(OR(D100=1,AND(C152<4,C131=1)),MAX((10-5*C131*E137+H15*3.5+C151),12),0)+IF(NOT(OR(D100=1,AND(C152<4,C131=1))),15-5*C131*E137-C82,0) -> 14 | T39: =IF(C127>3,1,0)*0.1*(T40+T43+T51+T57+T63) -> 0.056235397 | V39: =T39*K39 -> 25462.693 | W39: =T39*L39 -> 10094.437
B40: Raise Dead | C40: =Inputs!C42 -> 1 | G40: Death and Decay | H40: =0.083*(11+2*C107)*1.3*1.25 -> 1.753375 | I40: =1.48*1.15 -> 1.702 | J40: =($J$6*(1+$E$116)*(1+$D$157)+169*15/120*$C$24+$C$14*6)*H40*$J$10*$L$11*I40*(1+0.01*E25) -> 18833.243 | K40: =J40*$J$8*$C$152*$J$14*(1+$C$131*0.05*MIN(1,5/$C$152))*(1+0.08*C120*D120) -> 147715.19 | L40: =K40/$C$152 -> 29543.037 | M40: =K40*$L$12+($J$6*(1+$E$116)*(1+$D$157)+4925*15/120*C24+$C$14*6)*0.375*(D97+2*C104)*$J$10*$J$8*$L$11*C94*(1-IF(OR(D100=1,AND(C152<4,C131=1)),0,1)*IF(D100=2,1-(1-(0.75)^((5+(H15/2))/H15))/(1+3*(1-(0.75)^((5+(H15/2))/H15))*C82),1)*IF(NOT(OR(OR(D100=1,AND(C152<4,C131=1)),D100=2)),1-(1-(0.75)^((4+(H15/2))/H15)),1)) -> 43535.639 | N40: =-1*IF(OR(D100=1,AND(C152<4,C131=1)),0,1)*IF(D100=2,1-(1-(0.75)^((5+(H15/2))/H15))/(1+3*(1-(0.75)^((5+(H15/2))/H15))*C82),1)*IF(NOT(OR(OR(D100=1,AND(C152<4,C131=1)),D100=2)),1-(1-(0.75)^((4+(H15/2))/H15)),1) -> -0.37585594 | O40: =10*IF(OR(D100=1,AND(C152<4,C131=1)),C94,1)*IF(D100=2,IF(C94>0,1,1-(1-(0.75)^((5+(H15/2))/H15))/(1+3*(1-(0.75)^((5+(H15/2))/H15))*C82)),1)*IF(NOT(OR(OR(D100=1,AND(C152<4,C131=1)),D100=2)),IF(C94>0,1,1-(1-(0.75)^((4+(H15/2))/H15))),1) -> 10 | Q40: =1.5/$J$9 -> 0.9838808 | R40: 15 | S40: =IF(OR(D100=1,AND(C152<4,C131=1)),MAX((10-5*C131*E137+H15*3.5+C151),12),0)+IF(NOT(OR(D100=1,AND(C152<4,C131=1))),15-5*C131*E137-C82,0) -> 14 | T40: =1/S40 -> 0.071428571 | U40: =T40*Q40 -> 0.0702772 | V40: =T40*K40 -> 10551.085 | W40: =T40*L40 -> 2110.217 | X40: =T40*M40 -> 3109.6885 | Y40: =X40*(1-$C$144) -> 2487.7508 | Z40: =T40*N40 -> -0.026846853 | AA40: =T40*O40 -> 0.71428571
A41: Row 2 | B41: Runic Attenuation | C41: =Inputs!C43 -> 1 | G41: Death Pact | M41: =$L$7*(0.2+0.1*C62)*$J$10 -> 430976.84 | R41: 120 | S41: =R41-30*C62+$C$151 -> 120.8 | T41: =1/S41*C56 -> 0 | X41: =T41*M41 -> 0 | Y41: =X41 -> 0
B42: Improved Death Strike | C42: =Inputs!C44 -> 1 | G42: Death Strike | H42: =1.5312*1.2*1.12 -> 2.0579328 | I42: =2.3 -> 2.3 | J42: =($J$6*(1+$E$116)*(1+$D$157)+169*15/120*$C$24+$C$14*6)*H42*$J$10*$L$11*I42*(1+0.12*C130) -> 29871 | K42: =J42*$J$8*0.7*(1+C99*0.08*MIN((T25+C108*T51*(1-(1-0.15)*(1-0.15*MAX(4,C152-1))))/T42*C152,5))*(1+0.6*C19*(1+0.2*C63))*$J$14*(1+0.08*C120)*(1+0.05*K134)*MAX((1+0.2*C63*C19),MIN((1+0.2*C63*C19)+C106*0.75*(C152-1),(1+0.2*C63*C19)+C106*1.5)) -> 272610.76 | L42: =K42*(1+0.2*C63*C19)/MAX((1+0.2*C63*C19),MIN((1+0.2*C63*C19)+C106*0.75*(C152-1),(1+0.2*C63*C19)+C106*1.5)) -> 121160.34 | M42: =K42*$L$12+MAX(5*0.2*T10*(1+0.05*C111),7/100*L7)*(1+C99*0.08*MIN((T25+C108*T51*(1-(1-0.15)*(1-0.15*MAX(4,C152-1))))/T42*C152,5))*$J$10*$J$15*(1+0.15*C42) -> 889709.06 | O42: =(-45)+5*C91+IF(C42>0,5,0)+10*8*T26 -> -35 | Q42: =1.5/$J$9 -> 0.9838808 | T42: =-(SUM(AA19:AA41,AA43:AA76))/O42 -> 0.40134944 | U42: =T42*Q42 -> 0.39488 | V42: =T42*K42 -> 109412.18 | W42: =T42*L42 -> 48627.634 | X42: =MIN(T42,0.2)*M42 -> 177941.81 | Y42: =X42*(1-$C$144) -> 142353.45 | AA42: =T42*O42 -> -14.04723
B43: Cleaving Strikes | C43: =Inputs!C45 -> 1 | G43: Death's Caress | H43: =0.4374 -> 0.4374 | I43: 1.15 | J43: =($J$6*(1+$E$116)*(1+$D$157)+169*15/120*$C$24+$C$14*6)*H43*$J$10*$L$11*I43*(1+0.01*E25) -> 3174.4417 | K43: =J43*$J$8*$J$14*(1+$C$131*0.05)*(1+0.08*C120*D120) -> 4979.6337 | L43: =K43 -> 4979.6337 | M43: =K43*$L$12 -> 921.23223 | N43: -1 | O43: 10 | P43: 2 | Q43: =1.5/$J$9 -> 0.9838808 | R43: 6 | S43: =IF(4*Q43>=R43,4*Q43,(IF(5*Q43>=R43,5*Q43,(IF(6*Q43>=R43,6*Q43,(IF(7*Q43>=R43,7*Q43,(8*Q43)))))))) -> 6.8871656 | T43: =MIN(1/S43,(L15-SUM(AB19:AB42)-SUM(AB44:AB56)-SUM(AB61:AB76))/2)*D87 -> 0 | U43: =T43*Q43 -> 0 | V43: =T43*K43 -> 0 | W43: =T43*L43 -> 0 | X43: =T43*M43 -> 0 | Y43: =X43*(1-$C$144) -> 0 | Z43: =T43*N43 -> 0 | AA43: =T43*O43 -> 0 | AB43: =P43*T43 -> 0
A44: Row 3 | B44: Mind Freeze | C44: =Inputs!C46 -> 1 | D44: =Inputs!D46 -> 0 | G44: Embrace of Bwonsamdi | H44: =0.22 -> 0.22 | J44: =($J$6*(1+$E$116)*(1+$D$157)+$C$14*6)*H44*$J$10*$L$11 -> 1388.3962 | K44: =J44*$J$8*$J$14*(1+0.08*C120*D120) -> 2074.2169 | L44: =K44 -> 2074.2169 | M44: =K44*(1+$L$12) -> 2457.947 | R44: =60/3 -> 20 | S44: =R44/1.13/$J$9 -> 11.609213 | T44: =1/S44*IF($E$28=1,1,0) -> 0 | V44: =T44*K44 -> 0 | W44: =T44*L44 -> 0 | X44: =T44*M44 -> 0 | Y44: =X44*(1-$C$144) -> 0
B45: Blinding Sleet | C45: =Inputs!C47 -> 1 | G45: Embrace of Kimbul | H45: 0.075 | J45: =($J$6*(1+$E$116)*(1+$D$157)+$C$14*6)*H45*$J$10*$L$11 -> 473.31689 | K45: =J45*$J$8*$J$14*(1+0.08*C120*D120) -> 707.11938 | L45: =K45 -> 707.11938 | M45: =K45*$L$12 -> 130.81709 | V45: =IF(IF($E$28=2,1,0),1.13*(exp(6*12*J9/60)-1)*(1-(1-exp(-6*12*J9/60))^3)*K45/6,0) -> 0 | W45: =V45 -> 0 | X45: =V45*$L$12 -> 0 | Y45: =X45*(1-$C$144) -> 0
B46: Gloom Ward | C46: =Inputs!C48 -> 2 | G46: Exterminate (First) | H46: =7.1545*1.2*1.2 -> 10.30248 | I46: 1.15 | J46: =($J$6*(1+$E$116)*(1+$D$157)+169*15/120*$C$24+$C$14*6)*H46*$J$10*$L$11*I46*(1+0.01*$E$25) -> 74770.513 | K46: =J46*$J$8*$J$14*(1+C130*0.15*$B$19*(1+0.2*$C$63))*$H$135*(1+0.08*C120*D120) -> 111704.61 | L46: =K46 -> 111704.61 | M46: =K46*$L$12 -> 20665.353 | T46: =T64*(3-C137)+T38 -> 0.011013216 | V46: =T46*K46 -> 1230.227 | W46: =T46*L46 -> 1230.227 | X46: =T46*M46 -> 227.59199 | Y46: =X46*(1-$C$144) -> 182.07359
B47: March of Darkness | C47: =Inputs!C49 -> 0 | G47: Exterminate (Second) | H47: =3.91*1.2 -> 4.692 | I47: 1.15 | J47: =($J$6*(1+$E$116)*(1+$D$157)+169*15/120*$C$24+$C$14*6)*H47*$J$10*$L$11*I47*(1+0.01*$E$25) -> 34052.311 | K47: =J47*$J$8*$C$152/SQRT(MAX(1,$C$152/8))*$J$14*(1+C130*0.15*$B$19*(1+0.2*$C$63))*$H$135*(1+0.08*C120*D120) -> 254364.98 | L47: =K47/$C$152 -> 50872.997 | M47: =K47*$L$12 -> 47057.522 | T47: =T64*(3-C137)+T38 -> 0.011013216 | V47: =T47*K47 -> 2801.3765 | W47: =T47*L47 -> 560.2753 | X47: =T47*M47 -> 518.25465 | Y47: =X47*(1-$C$144) -> 414.60372
B48: Wraith Walk | C48: =Inputs!C50 -> 0 | G48: Gift of the Naaru | M48: =L7*0.2 -> 336578.92 | R48: 120 | S48: =R48+$C$151 -> 120.8 | T48: =1/S48*C34 -> 0 | X48: =T48*M48 -> 0 | Y48: =X48*(1-$C$144) -> 0
B49: Unholy Momentum | C49: =Inputs!C51 -> 2 | G49: Gorefiend's Grasp | P49: =MIN(C90*C152,6) -> 5 | Q49: =1.5/$J$9 -> 0.9838808 | R49: 90 | S49: =R49+$C$151 -> 90.8 | T49: =1/S49*C103*D103 -> 0 | U49: =T49*Q49 -> 0 | AB49: =P49*T49 -> 0
B50: Control Undead | C50: =Inputs!C52 -> 0 | G50: Healing Vial | H50: 3.78 | J50: =($J$6*(1+$E$116)*(1+$D$157)+$C$14*6)*H50*$J$10*$L$11 -> 23855.171 | M50: =J50*$J$8*$J$15 -> 30248.565 | Q50: =1.5/$J$9 -> 0.9838808 | R50: 90 | S50: =R50+$C$151 -> 90.8 | T50: =1/S50*IF($E$29=2,1,0) -> 0 | U50: =T50*Q50 -> 0 | X50: =T50*M50 -> 0 | Y50: =X50*(1-$C$144) -> 0
B51: Enfeeble | C51: =Inputs!C53 -> 1 | G51: Heart Strike | H51: =1.31112*1.2*1.25 -> 1.96668 | I51: 1.15 | J51: =($J$6*(1+$E$116)*(1+$D$157)+169*15/120*$C$24+$C$14*6)*H51*$J$10*$L$11*I51*(1+0.15*C93) -> 14273.231 | K51: =J51*$J$8*0.7*IF($C$152<=5,IF($C$152<3,$C$152,2+IF($C$43>0,$C$152-2,0)*((14-5*C131*E137)/S40)),2+IF($C$43>0,3,0)*((14-5*C131*E137)/S40))*$J$14*(1+0.08*C120*D120) -> 74633.028 | L51: =K51/IF($C$152<=5,IF($C$152<3,$C$152,2+IF($C$43>0,$C$152-2,0)*((14-5*C131*E137)/S40)),2+IF($C$43>0,3,0)*((14-5*C131*E137)/S40)) -> 14926.606 | M51: =K51*$L$12+IF($C$152<=5,IF($C$152<3,$C$152,2+IF($C$43>0,$C$152-2,0)*((14-5*C131*E137)/S40)),2+IF($C$43>0,3,0)*((14-5*C131*E137)/S40))*$L$7*0.0025*$C$95 -> 13807.11 | N51: -1 | O51: =(15+2*C96*IF($C$152<=5,IF($C$152<3,$C$152,2+IF(C43>0,$C$152-2,0)*IF(D100=2,(1-T40*(1-(0.75)^((5+(H15/2))/H15))/(1+3*(1-(0.75)^((5+(H15/2))/H15))*C82)/(1-(0.75)^((5+(H15/2))/H15))),((14-5*C131*E137)/S40))+2*(1-IF(D100=2,(1-T40*(1-(0.75)^((5+(H15/2))/H15))/(1+3*(1-(0.75)^((5+(H15/2))/H15))*C82)/(1-(0.75)^((5+(H15/2))/H15))),((14-5*C131*E137)/S40)))),2+IF(C43>0,3,0)*IF(D100=2,(1-T40*(1-(0.75)^((5+(H15/2))/H15))/(1+3*(1-(0.75)^((5+(H15/2))/H15))*C82)/(1-(0.75)^((5+(H15/2))/H15))),((14-5*C131*E137)/S40))+2*(1-IF(D100=2,(1-T40*(1-(0.75)^((5+(H15/2))/H15))/(1+3*(1-(0.75)^((5+(H15/2))/H15))*C82)/(1-(0.75)^((5+(H15/2))/H15))),((14-5*C131*E137)/S40))))) -> 25 | Q51: =1.5/$J$9 -> 0.9838808 | T51: =MIN(($L$9+SUM(Z19:Z50)+SUM(Z52:Z76))/(-N51),MAX((1-SUM(U18:U41,U43:U50,U52:U76)+SUM(AA19:AA41,AA43:AA50,AA52:AA76)/O42*Q42)/Q51*(-O42/(O51-O42)),0)) -> 0.40030606 | U51: =T51*Q51 -> 0.39385345 | V51: =(T51-T74+3*(1-C131*T38*(8+C110*4))*C116/(9/(1/(0.5+(2/((L14+0.3*(1-(1-(T38*(8+C110*4)))*(1-IF(C127>3,1,0)*(1-0.875^(8*(T40+T43+T51+T57+T63)))))))-1+IF(C152=1,0.5,0))/C152))+9/(1/(0.5+(2/((L14+0.3*(1-(1-(T38*(8+C110*4)))*(1-IF(C127>3,1,0)*(1-0.875^(8*(T40+T43+T51+T57+T63)))))))-1+IF(C152=1,0.5,0))/C152))/2*((0.8/3^(C152-1))/(1-(0.8/3^(C152-1))))+6)+1.5*(1-C131*(T38*(8+C110*4))/(1-(1-(T38*(8+C110*4)))*(1-IF(C127>3,1,0)*(1-0.875^(8*(T40+T43+T51+T57+T63))))))*F127)*K51 -> 39245.065 | W51: =(T51-T74+3*(1-C131*T38*(8+C110*4))*C116/(9/(1/(0.5+(2/((L14+0.3*(1-(1-(T38*(8+C110*4)))*(1-IF(C127>3,1,0)*(1-0.875^(8*(T40+T43+T51+T57+T63)))))))-1+IF(C152=1,0.5,0))/C152))+9/(1/(0.5+(2/((L14+0.3*(1-(1-(T38*(8+C110*4)))*(1-IF(C127>3,1,0)*(1-0.875^(8*(T40+T43+T51+T57+T63)))))))-1+IF(C152=1,0.5,0))/C152))/2*((0.8/3^(C152-1))/(1-(0.8/3^(C152-1))))+6)+1.5*(1-C131*(T38*(8+C110*4))/(1-(1-(T38*(8+C110*4)))*(1-IF(C127>3,1,0)*(1-0.875^(8*(T40+T43+T51+T57+T63))))))*F127)*L51 -> 7849.013 | X51: =(T51-T74)*M51 -> 2872.9713 | Y51: =X51*(1-$C$144) -> 2298.377 | Z51: =T51*N51 -> -0.40030606 | AA51: =T51*O51 -> 10.007652
A52: Row 4 | B52: Coldthirst | C52: =Inputs!C54 -> 1 | G52: Icebound Fortitude | K52: =IF($C$152<=5,IF($C$152<3,$C$152,2+IF($C$43>0,$C$152-2,0)*((14-5*C131*E137)/S40)),2+IF($C$43>0,3,0)*((14-5*C131*E137)/S40)) -> 5 | R52: 120 | S52: 120 | T52: =1/S52*C38*C149 -> 0.0083333333
B53: Proliferating Chill | C53: =Inputs!C55 -> 0 | G53: Infliction of Sorrow | J53: =J29*0.2 -> 4573.7781 | K53: =J53*$J$8*IF($C$152<=5,IF($C$152<3,$C$152,IF($C$43>0,$C$152,2)*(14-5*C131*E137)/$S$40+2*($S$40-(14-5*C131*E137))/$S$40),IF($C$43>0,5,2)*(14-5*C131*E137)/$S$40+2*($S$40-(14-5*C131*E137))/$S$40)*$J$14*(1+$C$131*0.05)*(1+0.08*C120*D120) -> 35873.614 | L53: =K53/IF($C$152<=5,IF($C$152<3,$C$152,IF($C$43>0,$C$152,2)*(14-5*C131*E137)/$S$40+2*($S$40-(14-5*C131*E137))/$S$40),IF($C$43>0,5,2)*(14-5*C131*E137)/$S$40+2*($S$40-(14-5*C131*E137))/$S$40) -> 7174.7228 | M53: =K53*$L$12 -> 6636.6186 | T53: =C131*T74 -> 0.19222695 | V53: =T53*K53*C131 -> 6895.8753 | W53: =T53*L53*C131 -> 1379.1751 | X53: =T53*M53*C131 -> 1275.7369 | Y53: =X53*(1-$C$144) -> 1020.5896
B54: Permafrost | C54: =Inputs!C56 -> 1 | G54: Lichborne | R54: 120 | S54: =120-30*C130*C138-30*C72 -> 120 | T54: =1/S54*C149 -> 0.0083333333
B55: Veteran of the Third War | C55: =Inputs!C57 -> 1 | G55: Lifeblood | M55: =M42*0.2/(1+C99*0.08*MIN((T25+C108*T51*(1-(1-0.15)*(1-0.15*MAX(4,C152-1))))/T42*C152,5)) -> 136370.57 | T55: =T42*C109 -> 0.40134944 | X55: =T55*M55 -> 54732.252 | Y55: =X55*(1-$C$144) -> 43785.802
B56: Death Pact | C56: =Inputs!C58 -> 0 | G56: Light's Judgment | H56: 4.2 | J56: =($J$6*(1+$E$116)*(1+$D$157)+$C$14*6)*H56*$J$10*$L$11 -> 26505.746 | K56: =J56*$J$8*$C$152/SQRT(MAX(1,$C$152/8))*$J$14*(1+0.08*C120*D120) -> 197993.43 | L56: =K56/$C$152 -> 39598.685 | M56: =K56*$L$12 -> 36628.784 | Q56: =1.5/$J$9 -> 0.9838808 | R56: 150 | S56: =R56+$C$151 -> 150.8 | T56: =1/S56*E31 -> 0 | U56: =T56*Q56 -> 0 | V56: =T56*K56 -> 0 | W56: =T56*L56 -> 0 | X56: =T56*M56 -> 0 | Y56: =X56*(1-$C$144) -> 0
B57: Brittle | C57: =Inputs!C59 -> 1 | G57: Marrowrend | H57: =1.471*1.5 -> 2.2065 | I57: 1.15 | J57: =($J$6*(1+$E$116)*(1+$D$157)+169*15/120*$C$24+$C$14*6)*H57*$J$10*$L$11*I57 -> 16013.73 | K57: =J57*$J$8*0.7*$J$14*(1+0.08*C120*D120) -> 16746.779 | L57: =K57 -> 16746.779 | M57: =K57*$L$12 -> 3098.1541 | N57: -2 | O57: =20 -> 20 | P57: 3 | Q57: =1.5/$J$9 -> 0.9838808 | T57: =MAX((L15-SUM(AB19:AB56)-SUM(AB58:AB76))/3,T47) -> 0.090619337 | U57: =T57*Q57 -> 0.089158626 | V57: =T57*K57 -> 1517.582 | W57: =T57*L57 -> 1517.582 | X57: =T57*M57 -> 280.75267 | Y57: =X57*(1-$C$144) -> 224.60214 | Z57: =(T57-T47/(2))*N57 -> -0.17022546 | AA57: =T57*O57 -> 1.8123867 | AB57: =P57*T57 -> 0.27185801
B58: Blood Bond | C58: =Inputs!C60 -> 0 | G58: Mind Freeze | O58: =10*C52 -> 10 | R58: 15 | S58: =R58-3*C52 -> 12 | T58: =1/S58*D44*C44 -> 0 | AA58: =T58*O58 -> 0
A59: Row 5 | B59: Icy Talons | C59: =Inputs!C61 -> 1 | D59: =Inputs!D61 -> 0.9 | G59: Pact of the San'layn | K59: =SUM(V25,V26,K28/10*C118,V29,V35,V40,V43,V53,K68/10*C123,IF(C131=1,V74*T51/T74,0))*10*0.15*0.15*$C$152/SQRT(MAX(1,$C$152/8))*(1+$C$131*0.05*MIN(1,5/$C$152))*J10*(1+0.08*C120*D120) -> 174737.81 | L59: =K59/$C$152 -> 34947.563 | M59: =K59/((1+$C$131*0.05*MIN(1,5/$C$152)))/$C$152 -> 33283.393 | T59: =T24*C131*E141 -> 0.011013216 | V59: =T59*K59 -> 1924.4253 | W59: =T59*L59 -> 384.88505 | X59: =T59*M59 -> 366.55719 | Y59: =X59*(1-$C$144) -> 293.24576
B60: Death Notes | C60: =Inputs!C62 -> 1 | G60: Permafrost | M60: =K23*0.5*(1+0.15*C46)*(1+C130) -> 9652.1796 | T60: =T23*C54 -> 0.72537393 | X60: =T60*M60+C130*T47*(K46+K47)*0.1*(1+0.15*C46)*C54 -> 7001.4394 | Y60: =X60 -> 7001.4394
B61: Anti-Magic Zone | C61: =Inputs!C63 -> 1 | D61: =Inputs!D63 -> 0 | G61: Raise Dead | H61: =0.5875*2/6*1.075 -> 0.21052083 | I61: 1 | J61: =($J$6*(1+$E$116)*(1+$D$157)+169*15/120*$C$24+$C$14*6)*H61*$J$10*$L$11*I61*(1+0.01*C24) -> 1328.5742 | K61: =J61*$J$8*0.7*(INT($J$9*60/2+1)+(60*$J$9*10+25)/40*1.35)*$J$14*(1+$C$131*0.05) -> 109861.83 | L61: =K61 -> 109861.83 | R61: 120 | S61: =120-30*C130*C138 -> 120 | T61: =1/S61*C40 -> 0.0083333333 | V61: =T61*K61 -> 915.51526 | W61: =T61*L61 -> 915.51526
B62: Death Defiance | C62: =Inputs!C64 -> 0 | G62: Razorice | H62: 0.01127 | I62: 1.15 | J62: =($J$6*(1+$E$116)*(1+$D$157)+169*15/120*$C$24+$C$14*6)*H62*$J$10*$L$11*I62*(1+0.01*E25) -> 81.792315 | K62: =J62*$J$8*$J$14*(1+0.2*C63)*(1+0.08*C120*D120)*(1+0.15*$B$19*(1+0.2*$C$63)) -> 146.63393 | L62: =K62 -> 146.63393 | M62: =K62*$L$12 -> 27.127277 | T62: =$B$19*(T23+T35*$C$152+T42*MIN((C152-1)*C106+1,2*C106+1)+T51*IF($C$152<=5,IF($C$152<3,$C$152,2+IF(C43>0,$C$152-2,0)*10/S40+2*(S40-10)/S40),2+IF(C43>0,3,0)*10/S40+2*(S40-10)/S40)+T57) -> 0 | V62: =T62*K62 -> 0 | W62: =T62*L62 -> 0 | X62: =T62*M62 -> 0 | Y62: =X62*(1-$C$144) -> 0
B63: Unholy Bond | C63: =Inputs!C65 -> 1 | G63: Reaper's Mark | H63: =3.07125*1.2*1.2 -> 4.4226 | I63: 1.15 | J63: =($J$6*(1+$E$116)*(1+$D$157)+169*15/120*$C$24+$C$14*6)*H63*$J$10*$L$11*I63*(1+0.01*E25)*1.05 -> 33701.99 | K63: =J63*$J$8*$J$14*(1+0.15*$B$19*(1+0.2*$C$63))*(1+0.08*C120*D120) -> 50349.63 | L63: =K63 -> 50349.63 | M63: =K63*$L$12 -> 9314.6815 | N63: -2 | O63: =20 -> 20 | P63: =3 -> 3 | Q63: =1.5/$J$9 -> 0.9838808 | R63: 45 | S63: =2*R63/(2+C137)+$C$151 -> 45.8 | T63: =1/S63*C130 -> 0 | U63: =T63*Q63 -> 0 | V63: =T63*K63 -> 0 | W63: =T63*L63 -> 0 | X63: =T63*M63 -> 0 | Y63: =X63*(1-$C$144) -> 0 | Z63: =T63*N63 -> 0 | AA63: =T63*O63 -> 0 | AB63: =P63*T63 -> 0
A64: Row 6 | B64: Ice Prison | C64: =Inputs!C66 -> 0 | G64: Reaper's Mark (Debuff) | H64: =0.3779*1.2 -> 0.45348 | I64: 1.15 | J64: =($J$6*(1+$E$116)*(1+$D$157)+169*15/120*$C$24+$C$14*6)*H64*$J$10*$L$11*I64*(1+0.01*E25)*1.05 -> 3455.6999 | K64: =J64*$J$8*$J$14*(1+0.15*$B$19*(1+0.2*$C$63))*$H$134*(1+0.15)*(1+0.05*(1+H8))*(1+0.08*C120*D120) -> 251961.62 | L64: =K64 -> 251961.62 | M64: =K64*$L$12 -> 46612.9 | T64: =T63 -> 0 | V64: =T64*K64 -> 0 | W64: =T64*L64 -> 0 | X64: =T64*M64 -> 0 | Y64: =X64*(1-$C$144) -> 0
B65: Death's Reach | C65: =Inputs!C67 -> 0 | G65: Rocket Barrage | H65: 0.5 | J65: =(360+343*0.429/0.5*(1+0.05*C21)+$J$6*(1+$E$116)*(1+$D$157)+$C$14*6)*H65*$J$10*$L$11 -> 3654.6745 | K65: =J65*$J$8*$J$14*(1+0.08*C120*D120) -> 5459.9598 | L65: =K65 -> 5459.9598 | M65: =K65*$L$12 -> 1010.0926 | Q65: =1.5/$J$9 -> 0.9838808 | R65: 90 | S65: =R65+$C$151 -> 90.8 | T65: =1/S65*C29 -> 0 | U65: =T65*Q65 -> 0 | V65: =T65*K65 -> 0 | W65: =T65*L65 -> 0 | X65: =T65*M65 -> 0 | Y65: =X65*(1-$C$144) -> 0
B66: Asphyxiate | C66: =Inputs!C68 -> 1 | G66: Rune of Sanguination | M66: =$L$7*0.48*(1+0.2*C63) -> 969347.29 | R66: 360 | S66: 360 | T66: =1/S66*C19 -> 0.0027777778 | X66: =T66*M66 -> 2692.6314 | Y66: =X66*(1-$C$144) -> 2154.1051
B67: Assimilation | C67: =Inputs!C69 -> 1 | G67: Runic Attenuation | O67: 3 | R67: =60/10.8 -> 5.5555556 | S67: =1/(10.8*J9*1.13/60) -> 3.2247814 | T67: =1/S67*C41 -> 0.31009854 | AA67: =T67*O67 -> 0.93029562
B68: Anti-Magic Barrier | C68: =Inputs!C70 -> 1 | G68: Sanguinary Burst | H68: 2.76 | J68: =($J$6*(1+$E$116)*(1+$D$157)+169*15/120*$C$24+$C$14*6)*H68*$J$10*$L$11*(1+0.01*$E$25) -> 17418.062 | K68: =J68*$J$8*$J$14*(1+$C$131*0.05*MIN(1,5/$C$152))*$C$152/SQRT(MAX(1,$C$152/8))*(1+0.02*-AA42*8*((O42-5*IF(C42>0,1,0))/O42))*(1+0.08*C120*D120) -> 487530.92 | L68: =K68/$C$152 -> 97506.184 | M68: =K68*(0.18+$L$12) -> 177948.79 | T68: =T28*C123 -> 0 | V68: =T68*K68 -> 0 | W68: =T68*L68 -> 0 | X68: =T68*M68 -> 0 | Y68: =X68*(1-$C$144) -> 0
B69: Grip of the Dead | C69: =Inputs!C71 -> 1 | G69: Soul Rupture | I69: 1.15 | K69: =K64*1/10*($C$152-1)*$I$69*1.05*IF(D100=2,(1+0.06*C119*(1-T40*(1-(0.75)^((5+(H15/2))/H15))/(1+3*(1-(0.75)^((5+(H15/2))/H15))*C82)/(1-(0.75)^((5+(H15/2))/H15)))),(1+0.06*(14-5*C131*E137)*C119*(1/S40))) -> 128999.31 | L69: =K69/$C$152 -> 25799.862 | M69: =K69*$L$12 -> 23864.873 | T69: =T64 -> 0 | V69: =T69*K69 -> 0 | W69: =T69*L69 -> 0 | X69: =T69*M69 -> 0 | Y69: =X69*(1-$C$144) -> 0
A70: Row 7 | B70: Suppression | C70: =Inputs!C72 -> 0 | G70: Stoneform | R70: 120 | S70: 120 | T70: =1/S70*C31*$C$149 -> 0
B71: Blood Scent | C71: =Inputs!C73 -> 1 | G71: Touch of the Grave | H71: =1.25*0.25 -> 0.3125 | J71: =($J$6*(1+$E$116)*(1+$D$157)+$C$14*6)*H71*$J$10*$L$11 -> 1972.1537 | K71: =J71*$J$8*$J$14*(1+0.08*C120*D120)*(1+$C$131*0.05*MIN(1,5/$C$152)) -> 3093.6473 | L71: =K71 -> 3093.6473 | M71: =K71*(1+$L$12) -> 3665.9721 | R71: 15 | S71: =15 -> 15 | T71: =1/S71*C25 -> 0 | V71: =T71*K71 -> 0 | W71: =T71*L71 -> 0 | X71: =T71*M71 -> 0 | Y71: =X71*(1-$C$144) -> 0
B72: Unholy Endurance | C72: =Inputs!C74 -> 0 | G72: Umbilicus Eternus | M72: =MIN(L7,V29*(10+2*C92)*6)*J10*(1+0.15*C46) -> 1510796.7 | T72: =T76*C126 -> 0.046786617 | X72: =T72*M72 -> 70685.065 | Y72: =X72 -> 70685.065
A73: Row 8 | B73: Osmosis | C73: =Inputs!C75 -> 0 | G73: Unholy Strength | M73: =$L$7*0.04*(1+0.2*C63) -> 80778.941 | R73: =60/3 -> 20 | S73: =R73/1.13/$J$9 -> 11.609213 | T73: =1/S73*B21 -> 0 | X73: =T73*M73 -> 0 | Y73: =X73*(1-$C$144) -> 0
B74: Insidious Chill | C74: =Inputs!C76 -> 1 | G74: Vampiric Strike | H74: =0.907*1.25 -> 1.13375 | I74: 1.15 | J74: =($J$6*(1+$E$116)*(1+$D$157)+169*15/120*$C$24+$C$14*6)*H74*$J$10*$L$11*I74*(1+0.15*C93)*(1+0.01*$E$25)*(1+0.1*C43) -> 9051.0417 | K74: =J74*$J$8*IF($C$152<=5,IF($C$152<3,$C$152,IF($C$43>0,$C$152,2)*(14-5*C131*E137)/$S$40+2*($S$40-(14-5*C131*E137))/$S$40),IF($C$43>0,5,2)*(14-5*C131*E137)/$S$40+2*($S$40-(14-5*C131*E137))/$S$40)*$J$14*(1+$C$131*0.2)*(1+0.08*C120*D120) -> 81131.696 | L74: =K74/IF($C$152<=5,IF($C$152<3,$C$152,IF($C$43>0,$C$152,2)*(14-5*C131*E137)/$S$40+2*($S$40-(14-5*C131*E137))/$S$40),IF($C$43>0,5,2)*(14-5*C131*E137)/$S$40+2*($S$40-(14-5*C131*E137))/$S$40) -> 16226.339 | M74: =K74*$L$12+IF($C$152<=5,IF($C$152<3,$C$152,IF($C$43>0,$C$152,2)*(14-5*C131*E137)/$S$40+2*($S$40-(14-5*C131*E137))/$S$40),IF($C$43>0,5,2)*(14-5*C131*E137)/$S$40+2*($S$40-(14-5*C131*E137))/$S$40)*$L$7*0.0025*$C$95+$L$7*0.02*$J$10 -> 58107.048 | T74: =C131*((T38*(8+C110*4))*T51+(1-T38*(8+C110*4))*((0.35+0.05*14/S40*E136)*T42+(E140*0.35*0.15)*T42)) -> 0.19222695 | V74: =(T74+(C131*T38*(8+C110*4))*C116/(9/(1/(0.5+(2/((L14+0.3*(1-(1-(T38*(8+C110*4)))*(1-IF(C127>3,1,0)*(1-0.875^(8*(T40+T43+T51+T57+T63)))))))-1+IF(C152=1,0.5,0))/C152))+9/(1/(0.5+(2/((L14+0.3*(1-(1-(T38*(8+C110*4)))*(1-IF(C127>3,1,0)*(1-0.875^(8*(T40+T43+T51+T57+T63)))))))-1+IF(C152=1,0.5,0))/C152))/2*((0.8/3^(C152-1))/(1-(0.8/3^(C152-1))))+6)+1.5*C131*F127*((T38*(8+C110*4))/(1-(1-(T38*(8+C110*4)))*(1-IF(C127>3,1,0)*(1-0.875^(8*(T40+T43+T51+T57+T63)))))))*K74 -> 20561.873 | W74: =(T74+(C131*T38*(8+C110*4))*C116/(9/(1/(0.5+(2/((L14+0.3*(1-(1-(T38*(8+C110*4)))*(1-IF(C127>3,1,0)*(1-0.875^(8*(T40+T43+T51+T57+T63)))))))-1+IF(C152=1,0.5,0))/C152))+9/(1/(0.5+(2/((L14+0.3*(1-(1-(T38*(8+C110*4)))*(1-IF(C127>3,1,0)*(1-0.875^(8*(T40+T43+T51+T57+T63)))))))-1+IF(C152=1,0.5,0))/C152))/2*((0.8/3^(C152-1))/(1-(0.8/3^(C152-1))))+6)+1.5*C131*F127*((T38*(8+C110*4))/(1-(1-(T38*(8+C110*4)))*(1-IF(C127>3,1,0)*(1-0.875^(8*(T40+T43+T51+T57+T63)))))))*L74 -> 4112.3746 | X74: =T74*M74 -> 11169.741 | Y74: =X74*(1-$C$144) -> 8935.7924
B75: Runic Protection | C75: =Inputs!C77 -> 1 | G75: Wave of Souls | H75: =1.766*1.2 -> 2.1192 | I75: 1.15 | J75: =($J$6*(1+$E$116)*(1+$D$157)+169*15/120*$C$24+$C$14*6)*H75*$J$10*$L$11*I75*(1+0.01*$E$25) -> 15380.148 | K75: =J75*($J$8+2)/2*(1+$C$152)*$J$14*(1+0.15*$B$19*(1+0.2*$C$63))*(H8*0.05/2+1)*(1+0.08*C120*D120) -> 183004.06 | L75: =K75*2/(1+$C$152) -> 61001.353 | M75: =K75*$L$12 -> 33855.751 | T75: =T63 -> 0 | V75: =T75*K75 -> 0 | W75: =T75*L75 -> 0 | X75: =T75*M75 -> 0 | Y75: =X75*(1-$C$144) -> 0
B76: Blood Draw | C76: =Inputs!C78 -> 0 | G76: Vampiric Blood | R76: =90 -> 90 | S76: =R76/(1-AA42/5*C122*((O42-5*IF(C42>0,1,0))/O42)) -> 21.373634 | T76: =1/S76*C89*C149 -> 0.046786617
A77: Row 9 | B77: Rune Mastery | C77: =Inputs!C79 -> 2 | T77: Total | U77: =sum(U19:U76) -> 1 | V77: =sum(V19:V76) -> 324430.93 | W77: =sum(W19:W76) -> 112067.47 | X77: =sum(X19:X76) -> 442136.66 | Y77: =sum(Y19:Y76) -> 384443.55 | Z77: =sum(Z19:Z76) -> -0.45708093 | AA77: =sum(AA19:AA76) -> 0 | AB77: =sum(AB19:AB76) -> 0.32692409
B78: Subduing Grasp | C78: =Inputs!C80 -> 0
B79: Will of the Necropolis | C79: =Inputs!C81 -> 2
A80: Row 10 | B80: Null Magic | C80: =Inputs!C82 -> 1
B81: Unyielding Will | C81: =Inputs!C83 -> 0
B82: Death's Echo | C82: =Inputs!C84 -> 1
B83: Vestigial Shell | C83: =Inputs!C85 -> 0
B85: Blood Talents | C85: Rank | D85: Variable
A86: Row 1 | B86: Heart Strike | C86: =Inputs!C88 -> 1
A87: Row 2 | B87: Marrowrend | C87: =Inputs!C89 -> 1 | D87: =Inputs!D89 -> 0
B88: Blood Boil | C88: =Inputs!C90 -> 1
A89: Row 3 | B89: Vampiric Blood | C89: =Inputs!C91 -> 1
B90: Bone Collector | C90: =Inputs!C92 -> 1
A91: Row 4 | B91: Ossuary | C91: =Inputs!C93 -> 1
B92: Improved Vampiric Blood | C92: =Inputs!C94 -> 2
B93: Improved Heart Strike | C93: =Inputs!C95 -> 0
B94: Relish in Blood | C94: =Inputs!C96 -> 1
A95: Row 5 | B95: Leeching Strike | C95: =Inputs!C97 -> 0
B96: Heartbreaker | C96: =Inputs!C98 -> 1
B97: Foul Bulwark | C97: =Inputs!C99 -> 1 | D97: =Inputs!D99 -> 7
B98: Dancing Rune Weapon | C98: =Inputs!C100 -> 1
B99: Hemostasis | C99: =Inputs!C101 -> 1
B100: Perseverance of the Ebon Blade | C100: =Inputs!C102 -> 0 | D100: =Inputs!D102 -> 0
B101: Bloodworms | C101: =Inputs!C103 -> 0 | D101: =Inputs!D103 -> 10
A102: Row 6 | B102: Abomination Limb | C102: =Inputs!C104 -> 0 | D102: =Inputs!D104 -> 0
B103: Gorefiend's Grasp | C103: =Inputs!C105 -> 1 | D103: =Inputs!D105 -> 0
B104: Improved Bone Shield | C104: =Inputs!C106 -> 1
...

Sheet Comparison
B2: Comparison Profile
B4: Input Attributes | C4: Character Sheet | D4: Averate Ratings | E4: Diminished Ratings | G4: Attribute Calculations | N4: Damage Taken Breakdown
B5: Armor | C5: =IF(ISBLANK(Inputs!H7),H5*(1+C21*0.05*(1+0.2*C63)),Inputs!H7) -> 3852 | G5: Base Armor | H5: =IF(ISBLANK(Inputs!H7),Baseline!H5+Inputs!I7,C5/(1+C21*0.05*(1+0.2*C63))) -> 3852 | I5: Modified Armor | J5: =(C5*1.45+((J6*(1+E116)*(1+D157)*1.8)+IF(E28=3,1,0)*1.13*(1-exp(-1*$J$9*12/60))*($J$6*(1+E116)*(1+D157)*0.02*$J$10)))*(1+0.06*C75) -> 12072.348 | K5: Physical Damage Reduction | L5: =(J5 / (J5 + C154)) -> 0.75269186 | N5: Damage Taken Per Second | O5: Unmitigated | P5: Passively Mitigated | Q5: Dancing Rune Weapon Mitigated | R5: Icebound Fortitude Mitigated | S5: Misc Mitigated | T5: Fully Mitigated | U5: Anti-Magic Zone Healing | V5: Anti-Magic Shell Healing | W5: Other Healing | X5: EHRPS
B6: Strength | C6: =IF(ISBLANK(Inputs!H8),(H6+C34*33)*(1+C21*0.05*(1+0.2*C63)),Inputs!H8) -> 2672 | G6: Base Strength | H6: =IF(ISBLANK(Inputs!H8),Baseline!H6+Inputs!I8,C6/(1+C21*0.05*(1+0.2*C63))) -> 2672 | I6: Modified Strength | J6: =(C6+E32*252*8/120+E34*50)*(1+B21*1.13*(1-exp(-3*J9*15/60))*0.15*(1+0.2*C63))*(1+0.03*C77*(1-(0.85)^(8*L9)))*(1+0.1*12*(1/S40)*C131*(1-IF(OR(D100=1,AND(C152<4,C131=1)),0,1)*IF(D100=2,1-(1-(0.75)^((5+(H15/2))/H15))/(1+3*(1-(0.75)^((5+(H15/2))/H15))*C82),1)*IF(NOT(OR(OR(D100=1,AND(C152<4,C131=1)),D100=2)),1-(1-(0.75)^((4+(H15/2))/H15)),1)))*(1+0.1*T69*8*IF(C152=1,1,0)) -> 2890.6542 | K6: Raw Parry from Strength | L6: =(J6-622)/19130 -> 0.11859144 | N6: Physical ST Damage | O6: =Baseline!O6 -> 3608042.3 | P6: =(O6-E26*C152/2*C7*0.0003*30)*(1-$L$14)*(1-$L$5)*$L$10*(1-0.01*E32)*(1-0.2/C152*C74)*(1-C51*0.12/C152*1.13*(1-exp(-3*6/60*55/120)))*(1-$C$135*$C$130*$D$130*0.075)*(1-$C$131*E136*10/S40*0.08)*(1-F116)*(1-E157)*(1-IF(C127>1,1)*0.06*E127)*(1-(0.04*10*(1/S40)*C100*(1-IF(OR(D100=1,AND(C152<4,C131=1)),0,1)*IF(D100=2,1-(1-(0.75)^((5+(H15/2))/H15))/(1+3*(1-(0.75)^((5+(H15/2))/H15))*C82),1)*IF(NOT(OR(OR(D100=1,AND(C152<4,C131=1)),D100=2)),1-(1-(0.75)^((4+(H15/2))/H15)),1))))*(1-C120*0.025) -> 428924.16 | Q6: =P6*(1-((1-(1-(T38*(8+C110*4)))*(1-IF(C127>3,1,0)*(1-0.875^(8*(T40+T43+T51+T57+T63)))))*MIN(0.3/(1-$L$14),1))) -> 330419.45 | R6: =Q6*(1-($T$52*8)*(0.3+0.1*$E$139)) -> 321608.27 | S6: =R6*(1-($T$70*8)*0.1)*(1-($T$26*8)*0.1)*(1-($T$35*($Q$35+8/2^($D$121-1)))*(0.05*$D$121)) -> 318454.02 | T6: =S6 -> 318454.02
B7: Stamina | C7: =IF(ISBLANK(Inputs!H9),(H7+C26*99)*(1+C21*0.05*(1+0.2*C63))*1.05*(1+0.2*C55)*(1.4),Inputs!H9) -> 77197 | G7: Base Stamina | H7: =IF(ISBLANK(Inputs!H9),Baseline!H7+Inputs!I9,(C7/(1+C21*0.05*(1+0.2*C63))/1.05/(1+0.2*C55)/(1.4))-C26*99) -> 43762.472 | I7: Total Health | J7: =C7*20 -> 1543940 | K7: Modified Health | L7: =(J7+IF(E28=3,1,0)*1.13*(1-exp(-1*$J$9*12/60))*($J$6*1.3*$J$10))*(1+0.01*C97*(D97+2*C104)) -> 1682894.6 | N7: Physical AoE Damage | O7: =Baseline!O7 -> 0 | P7: =O7*$J$13*(1-$L$5)*$L$10*(1-0.01*E32)*(1-C51*0.12/C152*1.13*(1-exp(-3*6/60*55/120)))*(1-$C$135*$C$130*$D$130*0.075)*(1-$C$131*E136*10/S40*0.08)*(1-IF(C127>1,1)*0.06*E127)*(1-(0.04*10*(1/S40)*C100*(1-IF(OR(D100=1,AND(C152<4,C131=1)),0,1)*IF(D100=2,1-(1-(0.75)^((5+(H15/2))/H15))/(1+3*(1-(0.75)^((5+(H15/2))/H15))*C82),1)*IF(NOT(OR(OR(D100=1,AND(C152<4,C131=1)),D100=2)),1-(1-(0.75)^((4+(H15/2))/H15)),1))))*(1-C120*0.025) -> 0 | R7: =P7*(1-($T$52*8)*(0.3+0.1*$E$139)) -> 0 | S7: =R7*(1-($T$70*8)*0.1)*(1-($T$26*8)*0.1)*(1-($T$35*($Q$35+8/2^($D$121-1)))*(0.05*$D$121)) -> 0 | T7: =S7 -> 0
B8: Critical Strike Rating | C8: =IF(ISBLANK(Inputs!H10),(Inputs!C10+Inputs!I10)*(1+0.02*$C$30)/(1+0.02*Baseline!$C$30),Inputs!H10) -> 778.5 | D8: =(C8+225*15/2/120*IF(1<(IF(C8>C9,1,0)+IF(C8>C10,1,0)+IF(C8>C11,1,0)),E27,0)) -> 778.5 | E8: =IF(D8<=1380,D8,IF(D8<=1840,1380+0.9*(D8-1380),IF(D8<=2300,1794+0.8*(D8-1840),IF(D8<=2760,2162+0.7*(D8-2300),IF(D8<=3680,2484+0.6*(D8-2760),IF(D8<=9200,3036+0.5*(D8-3680),5796)))))) -> 778.5 | G8: Critical Strike | H8: =E8/4600+0.05+(C28+C32+C35)*0.01+IF(E28=4,1,0)*1.13*(1-exp(-1*$J$9*12/60))*0.04 -> 0.21923913 | I8: Critical Strike Multiplier | J8: =1+H8*(1+2*0.02*(C26+C31)) -> 1.2192391 | K8: Raw Parry from Critical Strike | L8: =E8/5200/(1+0.02*C30) -> 0.14971154 | N8: Magical ST Damage | O8: =Baseline!O8 -> 112528.84 | P8: =O8*$L$10*(1-C51*0.12/C152*1.13*(1-exp(-3*6/60*55/120)))*(1-$C$135*$C$130*$D$130*0.075)*(1-0.08*$C$80)*(1-IF(C127>1,1)*0.06*E127)*(1-(0.04*10*(1/S40)*C100*(1-IF(OR(D100=1,AND(C152<4,C131=1)),0,1)*IF(D100=2,1-(1-(0.75)^((5+(H15/2))/H15))/(1+3*(1-(0.75)^((5+(H15/2))/H15))*C82),1)*IF(NOT(OR(OR(D100=1,AND(C152<4,C131=1)),D100=2)),1-(1-(0.75)^((4+(H15/2))/H15)),1))))*(1-C120*0.025) -> 82257.869 | R8: =P8*(1-($T$52*8)*(0.3+0.1*$E$139)) -> 80064.326 | S8: =R8*(1-($T$70*8)*0.1)*(1-($T$26*8)*0.1)*(1-($T$35*($Q$35+8/2^($D$121-1)))*(0.05*$D$121)) -> 79279.077 | T8: =S8 -> 79279.077 | U8: =T8*(T20*(6+2*C67))*0.15 -> 0 | V8: =IF(T8-U8-$T$19*(($L$7*0.3*$J$10*(1+0.4*$C$68)*(1+0.15*$C$46)))>0,$T$19*($L$7*0.3*$J$10*(1+0.4*$C$68)*(1+0.15*$C$46)),T8-U8) -> 11765.668
B9: Haste Rating | C9: =IF(ISBLANK(Inputs!H11),(Inputs!C11+Inputs!I11)*(1+0.02*$C$30)/(1+0.02*Baseline!$C$30),Inputs!H11) -> 1053.5 | D9: =(C9+225*15/2/120*IF(1<(IF(C9>C8,1,0)+IF(C9>C10,1,0)+IF(C9>C11,1,0)),E27,0)) -> 1053.5 | E9: =IF(D9<=1320,D9,IF(D9<=1760,1320+0.9*(D9-1320),IF(D9<=2200,1716+0.8*(D9-1760),IF(D9<=2640,2068+0.7*(D9-2200),IF(D9<=3520,2376+0.6*(D9-2640),IF(D9<=8800,2904+0.5*(D9-3520),5544)))))) -> 1053.5 | G9: Haste | H9: =(1+(C29+C33)*0.01)*E9/4400+(C29+C33)*0.01 -> 0.23943182 | I9: Haste Multiplier | J9: =(1+H9)*(1+C27*0.15/18)*(1+0.1*C104)*(1+0.02*C49)*(1+0.01*K134) -> 1.5245749 | K9: Rune Regeneration | L9: =3/10*J9 -> 0.45737248 | N9: Magical AoE Damage | O9: =Baseline!O9 -> 0 | P9: =O9*$J$13*$L$10*(1-C51*0.12/C152*1.13*(1-exp(-3*6/60*55/120)))*(1-$C$135*$C$130*$D$130*0.075)*(1-0.08*$C$80)*(1-IF(C127>1,1)*0.06*E127)*(1-(0.04*10*(1/S40)*C100*(1-IF(OR(D100=1,AND(C152<4,C131=1)),0,1)*IF(D100=2,1-(1-(0.75)^((5+(H15/2))/H15))/(1+3*(1-(0.75)^((5+(H15/2))/H15))*C82),1)*IF(NOT(OR(OR(D100=1,AND(C152<4,C131=1)),D100=2)),1-(1-(0.75)^((4+(H15/2))/H15)),1))))*(1-C120*0.025) -> 0 | R9: =P9*(1-($T$52*8)*(0.3+0.1*$E$139)) -> 0 | S9: =R9*(1-($T$70*8)*0.1)*(1-($T$26*8)*0.1)*(1-($T$35*($Q$35+8/2^($D$121-1)))*(0.05*$D$121)) -> 0 | T9: =S9 -> 0 | U9: =T8*(T20*(6+2*C67))*0.15 -> 0 | V9: =IF(T8+T9-U8-U9-V8>0,MIN($T$19*($L$7*0.3*$J$10*(1+0.4*$C$68)*(1+0.15*$C$46))-V8,T8+T9-U8-U9-V8),0) -> 0
B10: Versatility Rating | C10: =IF(ISBLANK(Inputs!H12),(Inputs!C12+Inputs!I12)*(1+0.02*$C$30)/(1+0.02*Baseline!$C$30),Inputs!H12) -> 1514.5 | D10: =(C10+65*E24+225*15/2/120*IF(1<(IF(C10>C8,1,0)+IF(C10>C9,0)+IF(C10>C11,1,0)),E27,0)) -> 1514.5 | E10: =IF(D10<=1620,D10,IF(D10<=2160,1622+0.9*(D10-1620),IF(D10<=2700,2106+0.8*(D10-2160),IF(D10<=3240,2538+0.7*(D10-2700),IF(D10<=4320,2916+0.6*(D10-3240),IF(D10<=10800,3564+0.5*(D10-4320),6804)))))) -> 1514.5 | G10: Versatility | H10: =E10/5400+(E26+E33)*0.01 -> 0.28046296 | I10: Damage/Healing Multiplier | J10: =1+H10 -> 1.280463 | K10: Damage Taken Multiplier | L10: =1-H10/2 -> 0.85976852 | N10: Total | O10: =SUM(O6:O9) -> 3720571.1 | P10: =SUM(P6:P9) -> 511182.03 | Q10: =SUM(Q6:Q9) -> 330419.45 | R10: =SUM(R6:R9) -> 401672.59 | S10: =SUM(S6:S9) -> 397733.1 | T10: =SUM(T6:T9) -> 397733.1 | U10: =SUM(U6:U9) -> 0 | V10: =sum(V6:V9) -> 11765.668 | W10: =(Y77+C27*0.0011*L7*(1-C144)) -> 383897.79 | X10: =(MAX((T10-U10-V10-W10),0)*(1-$T$76*(10+2*C92))+MAX((T10-U10-V10-W10*(1.3+0.05*C92)),0)*($T$76*(10+2*C92))/(1.3+0.05*C92))/IF(D100=2,(1+0.06*(1-T40*(1-(0.75)^((5+(H15/2))/H15))/(1+3*(1-(0.75)^((5+(H15/2))/H15))*C82)/(1-(0.75)^((5+(H15/2))/H15)))),(1+0.02*C49)) -> 709.06813
B11: Mastery Rating | C11: =IF(ISBLANK(Inputs!H13),(Inputs!C13+Inputs!I13)*(1+0.02*$C$30)/(1+0.02*Baseline!$C$30),Inputs!H13) -> 479.5 | D11: =(C11+225*15/2/120*IF(1<(IF(C11>C8,1,0)+IF(C11>C10,1,0)+IF(C11>C9,1,0)),E27,0)) -> 479.5 | E11: =IF(D11<=1380,D11,IF(D11<=1840,1380+0.9*(D11-1380),IF(D11<=2300,1794+0.8*(D11-1840),IF(D11<=2760,2162+0.7*(D11-2300),IF(D11<=3680,2484+0.6*(D11-2760),IF(D11<=9200,3036+0.5*(D11-3680),5796)))))) -> 479.5 | G11: Mastery | H11: =0.16+E11/2300+0.002*(C131*K134) -> 0.38352364 | I11: Blood Shield Multiplier | J11: =H11 -> 0.38352364 | K11: Attack Power Multiplier | L11: =1+H11/2 -> 1.1917618
B12: Leech Rating | C12: =IF(ISBLANK(Inputs!H14),Inputs!C14+Inputs!I14,Inputs!H14) -> 0 | D12: =C12 -> 0 | E12: =IF(D12<=690,D12,IF(D12<=1035,690+0.8*(D12-690),IF(D12<=1380,966+0.6*(D12-1035),1173+0.4*(D12-1380)))) -> 0 | G12: Leech | H12: =E12/6900+C71*0.03+C131*E138*0.02 -> 0.03 | I12: Leech Healing Multiplier | J12: =H12 -> 0.03 | K12: Modified Leech Multiplier | L12: =J12+C111*0.15*MIN(8*T42,1)+0.06*(10+2*$C$72)*T54*(1+C131*E138) -> 0.185
B13: Avoidance Rating | C13: =IF(ISBLANK(Inputs!H15),Inputs!C15+Inputs!I15,Inputs!H15) -> 0 | D13: =C13 -> 0 | E13: =IF(D13<=368,D13,IF(D13<=552,368+0.8*(D13-368),IF(D13<=736,515.2+0.6*(D13-552),625.6+0.4*(D13-736)))) -> 0 | G13: Avoidance | H13: =E13/3680+C70*0.03 -> 0 | I13: AoE Damage Taken Multiplier | J13: =1-H13 -> 1 | K13: Total Parry Chance | L13: =622/19130+0.03+(L6+L8)/((L6+L8)*1+1/0.94)+0.05*8*T28 -> 0.26392296 | N13: Performance Measures
B14: Base Weapon DPS | C14: =IF(ISBLANK(Inputs!H16),Inputs!C16+Inputs!I16,Inputs!H16) -> 151.4 | G14: Dodge | H14: =0.03+0.02*C32 -> 0.03 | I14: Misc. Damage Done Multiplier | J14: =(1+E30*0.05*(1.13*(1-exp(-1*J9*15/60))))*(1+C57*0.06*(1-0.85^(5/(3/((1/(1-0.15*C107))*(1+C130))))))*(1+C117*0.05)*IF(D100=2,(1+0.06*C119*(1-T40*(1-(0.75)^((5+(H15/2))/H15))/(1+3*(1-(0.75)^((5+(H15/2))/H15))*C82)/(1-(0.75)^((5+(H15/2))/H15)))),(1+0.06*(14-5*C131*E137)*C119*(1/S40)))*(1+IF(C127>2,2,IF(C127=2,1,0))*0.03*E127) -> 1.1864675 | K14: Attack Avoidance Chance | L14: =MAX(L13-0.015*(C153-90),0)+MAX(H14-0.015*(C153-90),0)+MAX(0.03-0.015*(C153-90),0) -> 0.32392296 | N14: Mitigation Factor | O14: Overall DPS | P14: Priority DPS | Q14: Reliable EHP | R14: Reliable and Controllable EHP | S14: Unreliable EHP
B15: Base Weapon Speed | C15: =IF(ISBLANK(Inputs!H17),Inputs!C17,Inputs!H17) -> 3.6 | G15: Ave. Weapon Speed | H15: =C15/(J9*(1+0.06*(3+1.5*C130*C136)*C59*D59))/((195.5+21.9*C152-0.673*C152^2)/195.5) -> 1.3785993 | I15: Misc. Healing Done Multiplier | J15: =(1+E30*0.05*(1.13*(1-exp(-1*J9*15/60))))*IF(D100=2,(1+0.06*C119*(1-T40*(1-(0.75)^((5+(H15/2))/H15))/(1+3*(1-(0.75)^((5+(H15/2))/H15))*C82)/(1-(0.75)^((5+(H15/2))/H15)))),(1+0.02*C49))*(1+C73*0.15*(5+2*C68)*(1/S19*C149*(1-C150)))*(1+0.01*E31) -> 1.04 | K15: Bone Shield Consumption | L15: =IF(C127=4,1/(2.5+(2/(1-(L14+0.3*(0.151+0.367*(J8)-0.0791*(J8)^2+0.0086*(J8)^3)))-1+IF(C152=1,0.5,0))/C152),1/(2.5+(2/(1-(L14+0.3*T38*(8+C110*4)))-1+IF(C152=1,0.5,0))/C152)) -> 0.32692409 | N15: =IF(X10=0,"Self-Sufficient (+"&Round(-((T10-U10-V10-W10)*(1-$T$76*(10+2*C92))+(T10-U10-V10-W10*(1.3+0.05*C92))*($T$76*(10+2*C92)))/O10%,2)&"%)",($O$10-$X$10)/$O$10) -> 0.99980942 | O15: =V77 -> 326198.05 | P15: =W77 -> 111420.21 | Q15: =$L$7/(1-(1-(1-$L$5)*(1-$C$131*E136*10/S40*0.08))*(($T$6/(1-$L$14)/(1-((1-(1-(T38*(8+C110*4)))*(1-IF(C127>3,1,0)*8*0.125*(T40+T43+T51+T57+T63)))*MIN(0.3/(1-$L$14),1)))+$T$7)/(1-$L$5))/((($T$6/(1-$L$14)/(1-((1-(1-(T38*(8+C110*4)))*(1-IF(C127>3,1,0)*8*0.125*(T40+T43+T51+T57+T63)))*MIN(0.3/(1-$L$14),1)))+$T$7)/(1-$L$5))+$T$8+$T$9))/$L$10*(0.7+0.3/(1-0.15*C79-0.05*IF(C79>0,1,0)))/(1-$C$135*$C$130*$D$130*0.075)/(1-(0.08*$C$80)*(1-(($T$6/(1-$L$14)/(1-((1-(1-(T38*(8+C110*4)))*(1-IF(C127>3,1,0)*8*0.125*(T40+T43+T51+T57+T63)))*MIN(0.3/(1-$L$14),1)))+$T$7)/(1-$L$5))/((($T$6/(1-$L$14)/(1-((1-(1-(T38*(8+C110*4)))*(1-IF(C127>3,1,0)*8*0.125*(T40+T43+T51+T57+T63)))*MIN(0.3/(1-$L$14),1)))+$T$7)/(1-$L$5))+$T$8+$T$9)))/(1-(0.05*C131*E136)*((($T$6/(1-$L$14)/(1-((1-(1-(T38*(8+C110*4)))*(1-IF(C127>3,1,0)*8*0.125*(T40+T43+T51+T57+T63)))*MIN(0.3/(1-$L$14),1)))+$T$7)/(1-$L$5))/((($T$6/(1-$L$14)/(1-((1-(1-(T38*(8+C110*4)))*(1-IF(C127>3,1,0)*8*0.125*(T40+T43+T51+T57+T63)))*MIN(0.3/(1-$L$14),1)))+$T$7)/(1-$L$5))+$T$8+$T$9))) -> 9364180.2 | R15: =$L$7/(1-(1-(1-$L$5)*(1-$C$131*E136*10/S40*0.08))*(($T$6/(1-$L$14)/(1-((1-(1-(T38*(8+C110*4)))*(1-IF(C127>3,1,0)*8*0.125*(T40+T43+T51+T57+T63)))*MIN(0.3/(1-$L$14),1)))+$T$7)/(1-$L$5))/((($T$6/(1-$L$14)/(1-((1-(1-(T38*(8+C110*4)))*(1-IF(C127>3,1,0)*8*0.125*(T40+T43+T51+T57+T63)))*MIN(0.3/(1-$L$14),1)))+$T$7)/(1-$L$5))+$T$8+$T$9))/$L$10*(0.7+0.3/(1-0.15*C79-0.05*IF(C79>0,1,0)))/(T10/(Q10+P7+P8+P9))*(1+$T$76*(10+2*C92)*0.3)/(1-$C$135*$C$130*$D$130*0.075)/(1-(0.08*$C$80)*(1-(($T$6/(1-$L$14)/(1-((1-(1-(T38*(8+C110*4)))*(1-IF(C127>3,1,0)*8*0.125*(T40+T43+T51+T57+T63)))*MIN(0.3/(1-$L$14),1)))+$T$7)/(1-$L$5))/((($T$6/(1-$L$14)/(1-((1-(1-(T38*(8+C110*4)))*(1-IF(C127>3,1,0)*8*0.125*(T40+T43+T51+T57+T63)))*MIN(0.3/(1-$L$14),1)))+$T$7)/(1-$L$5))+$T$8+$T$9)))/(1-(0.05*C131*E136)*((($T$6/(1-$L$14)/(1-((1-(1-(T38*(8+C110*4)))*(1-IF(C127>3,1,0)*8*0.125*(T40+T43+T51+T57+T63)))*MIN(0.3/(1-$L$14),1)))+$T$7)/(1-$L$5))/((($T$6/(1-$L$14)/(1-((1-(1-(T38*(8+C110*4)))*(1-IF(C127>3,1,0)*8*0.125*(T40+T43+T51+T57+T63)))*MIN(0.3/(1-$L$14),1)))+$T$7)/(1-$L$5))+$T$8+$T$9))) -> 11592261 | S15: =$L$7*O10/T10*(0.7+0.3/(1-0.15*C79-0.05*IF(C79>0,1,0)))*(1+($T$76*(10+2*C92))*0.3) -> 21816643
B17: Runeforging | G17: Abilities | H17: Attack Power Multiplier | I17: Specialization Multiplier | J17: Base/Tooltip Damage | K17: Overall Damage Per Cast | L17: Priority Damage Per Cast | M17: Average Healing Per Cast | N17: Runes Per Cast | O17: Runic Power Per Cast | P17: Bone Shield Per Cast | Q17: Cast Time | R17: Base Cooldown | S17: Effective Cooldown | T17: Casts Per Second | U17: Time Utilization | V17: Overall DPS | W17: Priority DPS | X17: HPS | Y17: EHPS | Z17: Runes Per Second | AA17: Runic Power Per Second | AB17: Bone Shield Per Second
B18: Razorice | C18: Sanguination | D18: Spellwarding | E18: Apocalypse | G18: Abomination Limb | Q18: =1.5/$J$9 -> 0.9838808 | R18: 120 | S18: =R18+$C$151 -> 120.8 | T18: =1/S18*C102*D102 -> 0 | U18: =T18*Q18 -> 0
B19: =IF(ISBLANK(Inputs!G21),Inputs!B21,Inputs!G21) | C19: =IF(ISBLANK(Inputs!H21),Inputs!C21,Inputs!H21) -> 1 | G19: Anti-Magic Shell | O19: =AA19/T19 -> 58.261065 | R19: 60 | S19: =(R19-20*C68+20*C81) -> 40 | T19: =1/S19*C149*C150 -> 0.01 | AA19: =T19*$J$10*(1+0.4*$C$68)*(1+0.15*$C$46)*25 -> 0.58261065
B20: Fallen Crusader | C20: Stoneskin Gargoyle | D20: Unending Thirst | G20: Anti-Magic Zone | Q20: =1.5/$J$9 -> 0.9838808 | R20: 240 | S20: =240-60*C67 -> 180 | T20: =1/S20*C61*D61 -> 0 | U20: =T20*Q20 -> 0
B21: =IF(ISBLANK(Inputs!G23),Inputs!B23,Inputs!G23) | C21: =IF(ISBLANK(Inputs!H23),Inputs!C23,Inputs!H23) | G21: Arcane Pulse | H21: 1.5 | J21: =($J$6*(1+$E$116)*(1+$D$157)+$C$14*6)*H21*$J$10*$L$11*(1+0.01*E25) -> 9459.6244 | K21: =J21*$J$8*$C$152*$J$14*(1+0.08*C120*D120) -> 70610.343 | L21: =K21/$C$152 -> 14122.069 | M21: =K21*$L$12 -> 13062.913 | Q21: =1.5/$J$9 -> 0.9838808 | R21: 180 | S21: =R21+$C$151 -> 180.8 | T21: =1/S21*E25 -> 0 | U21: =T21*Q21 -> 0 | V21: =T21*K21 -> 0 | W21: =T21*L21 -> 0 | X21: =T21*M21 -> 0 | Y21: =X21*(1-$C$144) -> 0
G22: Arcane Torrent | O22: =20 -> 20 | Q22: =1.5/$J$9 -> 0.9838808 | R22: 120 | S22: =R22+$C$151 -> 120.8 | T22: =1/S22*C28 -> 0 | U22: =T22*Q22 -> 0 | AA22: =T22*O22 -> 0
B23: Race | G23: Auto-Attack | H23: =5*C15/12*1.25*1.2 -> 2.25 | J23: =($J$6*(1+$E$116)*(1+$D$157)+169*15/120*$C$24+$C$14*6)*H23*$J$10*$L$11 -> 14189.437 | K23: =J23*$J$8*0.7*$J$14*(1+0.08*C120*D120) -> 14828.172 | L23: =K23 -> 14828.172 | M23: =K23*$L$12 -> 2743.2118 | R23: =C15 -> 3.6 | S23: =H15 -> 1.3785993 | T23: =1/S23 -> 0.72537393 | V23: =T23*K23 -> 10755.969 | W23: =T23*L23 -> 10755.969 | X23: =T23*M23 -> 1989.8543 | Y23: =X23*(1-$C$144) -> 1591.8835
B24: Orc | C24: =IF(ISBLANK(Inputs!H26),Inputs!C26,Inputs!H26) -> 0 | D24: Pandaren | E24: =IF(ISBLANK(Inputs!J26),Inputs!E26,Inputs!J26) -> 0 | G24: Blood Beasts | H24: =0.1115*1.4/6*1.36*1.075*15 -> 0.5705455 | I24: 1.15 | J24: =($J$6*(1+$E$116)*(1+$D$157)+169*15/120*$C$24+$C$14*6)*H24*$J$10*$L$11*I24*(1+0.01*C24) -> 4137.812 | K24: =(J24*$J$8*INT($J$9*10/1+1)*0.7*$J$14+J24*7.875*1.25*$J$8*$C$152/SQRT(MAX(1,$C$152/8))*$J$14)*(1+0.15*$C$152/SQRT(MAX(1,$C$152/8))*(1+$C$131*0.05*MIN(1,5/$C$152))*J10) -> 726322.96 | L24: =(J24*$J$8*INT($J$9*10/1+1)*0.7*$J$14+J24*7.875*1.25*$J$8/SQRT(MAX(1,$C$152/8))*$J$14)+(K24/(1+0.15*$C$152/SQRT(MAX(1,$C$152/8))*(1+$C$131*0.05*MIN(1,5/$C$152))*J10))*(0.15*1/SQRT(MAX(1,$C$152/8))*(1+$C$131*0.05)*J10) -> 198896.53 | M24: =K24/((1+$C$131*0.05*MIN(1,5/$C$152)))/$C$152 -> 138347.23 | S24: =S38 -> 90.8 | T24: =1/S24*C131 -> 0.011013216 | V24: =T24*K24 -> 7999.1515 | W24: =T24*L24 -> 2190.4904 | X24: =T24*M24 -> 1523.6479 | Y24: =X24*(1-$C$144) -> 1218.9183
B25: Undead | C25: =IF(ISBLANK(Inputs!H27),Inputs!C27,Inputs!H27) -> 0 | D25: Nightborne | E25: =IF(ISBLANK(Inputs!J27),Inputs!E27,Inputs!J27) -> 0 | G25: Blood Boil | H25: =1.4256*1.15 -> 1.63944 | I25: 1.15 | J25: =($J$6*(1+$E$116)*(1+$D$157)+169*15/120*$C$24+$C$14*6)*H25*$J$10*$L$11*I25*(1+0.01*$E$25)*(1+0.3*C130) -> 11889.84 | K25: =J25*$J$8*$C$152*$J$14*(1+C130*0.15*$B$19*(1+0.2*$C$63))*(1+$C$131*0.05*MIN(1,5/$C$152))*$H$135*(1+0.08*C120*D120) -> 93187.943 | L25: =K25/$C$152 -> 18637.589 | M25: =K25*$L$12 -> 17239.769 | Q25: =1.5/$J$9 -> 0.9838808 | R25: 7.5 | S25: =1/((1/(R25/J9))+(C113/((R25/J9)/((1/(1-0.15*C107))/3*(1+C130)*(1-(1-H8)^C152)*0.25)))) -> 4.919404 | T25: =MIN(1/S25,MAX((1-SUM(U19:U23,U29:U41,U43:U50,U52:U76)-($L$9+SUM(Z19:Z50,Z52:Z76))*Q51/(-N51)+(SUM(AA19:AA24,AA26:AA41,AA43:AA50,AA52:AA76)+(($L$9+SUM(Z19:Z50)+SUM(Z52:Z76))*O51/(-N51)))/O42*Q42)/Q25*(-O42/(O25-O42)),(1+C130)/24-T47*C130*0.5)) -> 0.041666667 | U25: =T25*Q25 -> 0.040995033 | V25: =(T25+C108*T51*(1-(1-0.15)*(1-0.15*MAX(4,C152-1)))*1.5)*K25 -> 39638.47 | W25: =(T25+C108*T51*(1-(1-0.15)*(1-0.15*MAX(4,C152-1)))*1.5)*L25 -> 7927.694 | X25: =(T25+C108*T51*0.15*1.5)*M25 -> 2221.6858 | Y25: =X25*(1-$C$144) -> 1777.3487
B26: Tauren | C26: =IF(ISBLANK(Inputs!H28),Inputs!C28,Inputs!H28) -> 0 | D26: Highmountain | E26: =IF(ISBLANK(Inputs!J28),Inputs!E28,Inputs!J28) -> 0 | G26: Blood Draw | H26: 1.2 | I26: 1.15 | J26: =($J$6*(1+$E$116)*(1+$D$157)+169*15/120*$C$24+$C$14*6)*H26*$J$10*$L$11*I26*(1+0.01*$E$25) -> 8702.8545 | K26: =J26*$J$8*$C$152*$J$14*(1+$C$131*0.05*MIN(1,5/$C$152))*(1+0.08*C120*D120) -> 68209.591 | L26: =K26/$C$152 -> 13641.918 | M26: =K26*(1+$L$12)*1.25 -> 101035.46 | R26: 120 | S26: 120 | T26: =1/S26*C76 -> 0 | V26: =T26*K26 -> 0 | W26: =T26*L26 -> 0 | X26: =T26*M26 -> 0 | Y26: =X26*(1-$C$144) -> 0
B27: Troll | C27: =IF(ISBLANK(Inputs!H29),Inputs!C29,Inputs!H29) -> 0 | D27: Mag'har | E27: =IF(ISBLANK(Inputs!J29),Inputs!E29,Inputs!J29) -> 0 | G27: Blood Feast | M27: =V10/T19 -> 1176566.8 | T27: =T19*C112 -> 0 | X27: =T27*M27 -> 0 | Y27: =X27*(1-$C$144) -> 0
B28: Blood Elf | C28: =IF(ISBLANK(Inputs!H30),Inputs!C30,Inputs!H30) -> 0 | D28: Zandalari | E28: =IF(ISBLANK(Inputs!J30),Inputs!E30,Inputs!J30) -> 0 | G28: Blood Mist | H28: 0.64 | I28: 1.15 | J28: =($J$6*(1+$E$116)*(1+$D$157)+169*15/120*$C$24+$C$14*6)*H28*$J$10*$L$11*I28*(1+0.01*E25) -> 4641.5224 | K28: =J28*$J$8*$C$152/SQRT(MAX(1,$C$152/8))*$J$14*9*(1+0.08*C120*D120)*(1+$C$131*0.05*MIN(1,5/$C$152)) -> 327406.04 | L28: =K28/$C$152 -> 65481.207 | M28: =K28*$L$12 -> 60570.117 | O28: =MIN(C152,5)*2*9 -> 90 | T28: =T38*C118 -> 0 | V28: =T28*K28 -> 0 | W28: =T28*L28 -> 0 | X28: =T28*M28 -> 0 | Y28: =X28*(1-$C$144) -> 0 | AA28: =T28*O28 -> 0
B29: Goblin | C29: =IF(ISBLANK(Inputs!H31),Inputs!C31,Inputs!H31) -> 0 | D29: Vulpera | E29: =IF(ISBLANK(Inputs!J31),Inputs!E31,Inputs!J31) -> 0 | G29: Blood Plague | H29: =0.3348*24/3*(1/(1-0.15*C107)) -> 3.1510588 | I29: 1.15 | J29: =($J$6*(1+$E$116)*(1+$D$157)+169*15/120*$C$24+$C$14*6)*H29*$J$10*$L$11*I29*(1+0.01*E25) -> 22852.672 | K29: =J29*$J$8*$C$152*$J$14*(1+0.4*C117*D117)*(1+$C$131*0.05*MIN(1,5/$C$152))*(1+0.08*C120*D120)*(1+0.15*C131)/(1+0.05*C117) -> 258942.41 | L29: =K29/$C$152 -> 51788.482 | M29: =K29*(1+0.85*$C$107+$L$12)*1.25 -> 658684.75 | V29: =K29/24*(1+C130) -> 10789.267 | W29: =L29/24*(1+C130) -> 2157.8534 | X29: =M29/24*(1+C130) -> 27445.198 | Y29: =X29*(1-$C$144) -> 21956.158
B30: Human | C30: =IF(ISBLANK(Inputs!H32),Inputs!C32,Inputs!H32) -> 0 | D30: Void Elf | E30: =IF(ISBLANK(Inputs!J32),Inputs!E32,Inputs!J32) -> 0 | G30: Blood Shield | M30: =MIN(J11*(MAX(5*0.2*T10*(1+0.05*C111),7/100*L7)*(1+0.15*C42))*$J$10*(1+0.15*C46)*(1+0.2*C115),(0.5+0.15*C114)*L7*MAX(1,T42/0.2)/(1+($T$76*(10+2*C92))*(0.3+0.05*C92))) -> 367927.82 | T30: =T42 -> 0.39225191 | X30: =MIN(T30,0.2)*M30 -> 73585.563 | Y30: =X30 -> 73585.563
B31: Dwarf | C31: =IF(ISBLANK(Inputs!H33),Inputs!C33,Inputs!H33) -> 0 | D31: Lightforged Draenei | E31: =IF(ISBLANK(Inputs!J33),Inputs!E33,Inputs!J33) -> 0 | G31: Bloody Demise | H31: 9 | J31: =($J$6*(1+$E$116)*(1+$D$157)+169*15/120*$C$24+$C$14*6)*H31*$J$10*$L$11*(1+0.01*E25) -> 56757.746 | K31: =J31*$J$8*(2*$C$152/3+1/3)*(1+$C$131*0.05*MIN(1,5.5/($C$152+0.5)))*$H$135 -> 266424.87 | L31: =K31/(2*$C$152/3+1/3) -> 72661.329 | M31: =K31*$L$12 -> 49288.601 | T31: =T42/10*C158 -> 0.039225191 | V31: =T31*K31 -> 10450.567 | W31: =T31*L31 -> 2850.1545 | X31: =T31*M31 -> 1933.3548 | Y31: =X31 -> 1933.3548
B32: Night Elf | C32: =IF(ISBLANK(Inputs!H34),Inputs!C34,Inputs!H34) -> 0 | D32: Dark Iron Dwarf | E32: =IF(ISBLANK(Inputs!J34),Inputs!E34,Inputs!J34) -> 0 | G32: Bloodworms | H32: =0.235*1.4/6*1.075 -> 0.058945833 | I32: 1 | J32: =($J$6*(1+$E$116)*(1+$D$157)+169*15/120*$C$24+$C$14*6)*H32*$J$10*$L$11*I32*(1+0.01*C24) -> 371.73696 | K32: =J32*$J$8*INT($J$9*D101/1.4+1)*0.7*$J$14 -> 4140.6755 | L32: =K32 -> 4140.6755 | M32: =L7*0.5*0.15 -> 126217.1 | R32: =60/5 -> 12 | S32: =R32/1.13 -> 10.619469 | T32: =1/S32*C101 -> 0 | V32: =T32*K32 -> 0 | W32: =T32*L32 -> 0 | X32: =T32*M32 -> 0 | Y32: =X32 -> 0
B33: Gnome | C33: =IF(ISBLANK(Inputs!H35),Inputs!C35,Inputs!H35) -> 0 | D33: Kul Tiran | E33: =IF(ISBLANK(Inputs!J35),Inputs!E35,Inputs!J35) -> 0 | G33: Bloody Reflection | H33: 1.1 | I33: 1.15 | J33: =($J$6*(1+$E$116)*(1+$D$157)+169*15/120*$C$24+$C$14*6)*H33*$J$10*$L$11*I33*(1+0.01*$E$25) -> 7977.6166 | K33: =J33*$J$8*$J$14*(1+$C$131*0.05*MIN(1,5/$C$152))*$H$135*(1+0.08*C127) -> 15994.885 | L33: =K33/C$152 -> 3198.9769 | M33: =K33*$L$12 -> 2959.0537 | R33: 0.5 | S33: =1/T42 -> 2.5493821 | T33: =1/S33*C114 -> 0 | V33: =T33*K33 -> 0 | W33: =T33*L33 -> 0 | X33: =T33*M33 -> 0 | Y33: =X33 -> 0
B34: Draenei | C34: =IF(ISBLANK(Inputs!H36),Inputs!C36,Inputs!H36) -> 0 | D34: Mechagnome | E34: =IF(ISBLANK(Inputs!J36),Inputs!E36,Inputs!J36) -> 0 | G34: Brush it Off | X34: =T10*0.02*E33 -> 0 | Y34: =X34*(1-$C$144) -> 0
B35: Worgen | C35: =IF(ISBLANK(Inputs!H37),Inputs!C37,Inputs!H37) -> 0 | E35: =IF(ISBLANK(Inputs!J37),Inputs!E37,Inputs!J37) | G35: Consumption | H35: =4.8084*1.3 -> 6.25092 | I35: 1.15 | J35: =($J$6*(1+$E$116)*(1+$D$157)+169*15/120*$C$24+$C$14*6)*H35*$J$10*$L$11*I35*(1+0.01*$E$25) -> 45334.039 | K35: =J35*$J$8*$C$152/SQRT(MAX(1,$C$152/8))*$J$14*(1+$C$131*0.05*MIN(1,5/$C$152))*(1+0.08*C120*D120)+24/(1+C130)*V29*D121*0.25*(1+0.08*C120*D120) -> 422117.72 | L35: =K35/$C$152 -> 84423.544 | M35: =K35*$L$12+24/(1+C130)*V29*D121*0.25*(1+0.08*C120*D120)*(1+0.5*$C$107+$L$12)*1.25+K35*C125*1.5*J11*J10*(1+0.15*C46)*(1+0.2*C115)/(1-$C$144) -> 218804.32 | Q35: =(1+0.5*D121)/$J$9 -> 0.9838808 | R35: 45 | S35: =(R35/(1+$C$125*22.5*1.1/60*1.13*$J$9))+$C$151 -> 45.8 | T35: =1/S35*C121 -> 0.021834061 | U35: =T35*Q35 -> 0.021482113 | V35: =T35*K35 -> 9216.5441 | W35: =T35*L35 -> 1843.3088 | X35: =T35*M35 -> 4777.3869 | Y35: =X35*(1-$C$144) -> 3821.9095
G36: Corrosive Vial | H36: 2.52 | J36: =($J$6*(1+$E$116)*(1+$D$157)+$C$14*6)*H36*$J$10*$L$11 -> 15892.169 | K36: =J36*$J$8*$J$14*(1+0.08*C120*D120) -> 23725.075 | L36: =K36 -> 23725.075 | Q36: =1.5/$J$9 -> 0.9838808 | R36: 90 | S36: =R36+$C$151 -> 90.8 | T36: =1/S36*IF($E$29=1,1,0) -> 0 | U36: =T36*Q36 -> 0 | V36: =T36*K36 -> 0 | W36: =T36*L36 -> 0 | X36: =T36*M36 -> 0 | Y36: =X36*(1-$C$144) -> 0
B37: Death Knight Talents | C37: Rank | D37: Variable | G37: Dance of Midnight (Runes) | N37: 1 | T37: =F127 -> 0.14029744 | Z37: =T37*N37 -> 0.14029744
A38: Row 1 | B38: Icebound Fortitude | C38: =IF(ISBLANK(Inputs!H40),Inputs!C40,Inputs!H40) -> 1 | G38: Dancing Rune Weapon | I38: 1 | K38: =(SUM(V25,V42*(1+0.08*C120*D120)/(1+0.08*C120)/(1+0.6*C19*(1+0.2*C63))*MAX(1,MIN(1+C106*0.75*(C152-1),1+C106*1.5))/MAX((1+0.2*C63*C19),MIN((1+0.2*C63*C19)+C106*0.75*(C152-1),(1+0.2*C63*C19)+C106*1.5)),V43,IF(C131=1,0,V51),V57,IF(C131=1,V74*T51/T74,V74))*(8+4*C110)+INT((8+4*C110+H15/2)/H15)*V23+V29*(24/(1+C130)+(IF((8+4*C110)*T25-1>0,MIN((8+4*C110)*T25-1,1),0))*(8+4*C110)/2+(IF((8+4*C110)*T25-2>0,MIN((8+4*C110)*T25-2,1),0))*(8+4*C110)/6))*0.33*(1+0.01*$C$24)*(1+C110)*I38*(1+$C$131*0.05)*(1+C131*T51*8*0.2*(8+4*C110-4)/(8+4*C110))/(1+0.08*C120*D120)*(1+IF(C127>2,2,IF(C127=2,1,0))*0.03*E127) -> 2000043.1 | L38: =(SUM(W25,W42*(1+0.08*C120*D120)/(1+0.08*C120)/(1+0.6*C19*(1+0.2*C63))/(1+0.2*C63*C19),W43,IF(C131=1,0,W51),W57,IF(C131=1,W74*T51/T74,W74))*(8+4*C110)+INT((8+4*C110+H15/2)/H15)*W23+W29*(24/(1+C130)+(IF((8+4*C110)*T25-1>0,MIN((8+4*C110)*T25-1,1),0))*(8+4*C110)/2+(IF((8+4*C110)*T25-2>0,MIN((8+4*C110)*T25-2,1),0))*(8+4*C110)/6))*0.33*(1+0.01*$C$24)*(1+C110)*I38*(1+$C$131*0.05)*(1+C131*T51*8*0.2*(8+4*C110-4)/(8+4*C110))/(1+0.08*C120*D120)*(1+IF(C127>2,2,IF(C127=2,1,0))*0.03*E127) -> 622659.96 | P38: =D105*C105 -> 5 | Q38: =1.5/$J$9 -> 0.9838808 | R38: 120 | S38: =120-30*C105+$C$151 -> 90.8 | T38: =1/S38*C98*C149 -> 0.011013216 | U38: =T38*Q38 -> 0.010835692 | V38: =T38*K38 -> 22026.906 | W38: =T38*L38 -> 6857.4885 | AB38: =P38*T38 -> 0.055066079
B39: Death Strike | C39: =IF(ISBLANK(Inputs!H41),Inputs!C41,Inputs!H41) -> 1 | G39: Dancing Rune Weapon (DoM) | I39: 1 | K39: =(SUM(V25,V42*(1+0.08*C120*D120)/(1+0.08*C120)/(1+0.6*C19*(1+0.2*C63))*MAX(1,MIN(1+C106*0.75*(C152-1),1+C106*1.5))/MAX((1+0.2*C63*C19),MIN((1+0.2*C63*C19)+C106*0.75*(C152-1),(1+0.2*C63*C19)+C106*1.5)),V43,IF(C131=1,V51/(T51-T74)*(1-T38*(8+C110*4))*(T51-(0.35+0.05*14/S40*E136+E140*0.35*0.15)*T42),V51),V57,IF(C131=1,V74/T74*((1-T38*(8+C110*4))*((0.35+0.05*14/S40*E136+E140*0.35*0.15)*T42)+(T38*(8+C110*4))*T51),V74))*(6)+INT((6+H15/2)/H15)*V23+V29*(24/(1+C130)*(MIN(T25*6,1)+IF(T25*6>1,(T25*6-1)*3,0))))*0.33*(1+0.01*$C$24)*(1)*I38*(1+$C$131*0.05)*(1+C131*T51*8*0.2*(2)/(6))/(1+0.08*C120*D120)*(1+IF(C127>2,2,IF(C127=2,1,0))*0.03*E127) -> 440323.72 | L39: =(SUM(W25,W42*(1+0.08*C120*D120)/(1+0.08*C120)/(1+0.6*C19*(1+0.2*C63))/(1+0.2*C63*C19),W43,IF(C131=1,W51/(T51-T74)*(1-T38*(8+C110*4))*(T51-(0.35+0.05*14/S40*E136+E140*0.35*0.15)*T42),W51),W57,IF(C131=1,V74/T74*((1-T38*(8+C110*4))*((0.35+0.05*14/S40*E136+E140*0.35*0.15)*T42)+(T38*(8+C110*4))*T51),W74))*(6)+INT((6+H15/2)/H15)*W23+W29*(24/(1+C130)*(MIN(T25*6,1)+IF(T25*6>1,(T25*6-1)*3,0))))*0.33*(1+0.01*$C$24)*(1)*I38*(1+$C$131*0.05)*(1+C131*T51*8*0.2*(2)/(6))/(1+0.08*C120*D120)*(1+IF(C127>2,2,IF(C127=2,1,0))*0.03*E127) -> 174947.25 | S39: =IF(OR(D100=1,AND(C152<4,C131=1)),MAX((10-5*C131*E137+H15*3.5+C151),12),0)+IF(NOT(OR(D100=1,AND(C152<4,C131=1))),15-5*C131*E137-C82,0) -> 14 | T39: =IF(C127>3,1,0)*0.1*(T40+T43+T51+T57+T63) -> 0.054961743 | V39: =T39*K39 -> 24200.96 | W39: =T39*L39 -> 9615.406
B40: Raise Dead | C40: =IF(ISBLANK(Inputs!H42),Inputs!C42,Inputs!H42) -> 1 | G40: Death and Decay | H40: =0.083*(11+2*C107)*1.3*1.25 -> 1.753375 | I40: =1.48*1.15 -> 1.702 | J40: =($J$6*(1+$E$116)*(1+$D$157)+169*15/120*$C$24+$C$14*6)*H40*$J$10*$L$11*I40*(1+0.01*E25) -> 18819.887 | K40: =J40*$J$8*$C$152*$J$14*(1+$C$131*0.05*MIN(1,5/$C$152))*(1+0.08*C120*D120) -> 147502.96 | L40: =K40/$C$152 -> 29500.591 | M40: =K40*$L$12+($J$6*(1+$E$116)*(1+$D$157)+4925*15/120*C24+$C$14*6)*0.375*(D97+2*C104)*$J$10*$J$8*$L$11*C94*(1-IF(OR(D100=1,AND(C152<4,C131=1)),0,1)*IF(D100=2,1-(1-(0.75)^((5+(H15/2))/H15))/(1+3*(1-(0.75)^((5+(H15/2))/H15))*C82),1)*IF(NOT(OR(OR(D100=1,AND(C152<4,C131=1)),D100=2)),1-(1-(0.75)^((4+(H15/2))/H15)),1)) -> 43484.881 | N40: =-1*IF(OR(D100=1,AND(C152<4,C131=1)),0,1)*IF(D100=2,1-(1-(0.75)^((5+(H15/2))/H15))/(1+3*(1-(0.75)^((5+(H15/2))/H15))*C82),1)*IF(NOT(OR(OR(D100=1,AND(C152<4,C131=1)),D100=2)),1-(1-(0.75)^((4+(H15/2))/H15)),1) -> -0.37585594 | O40: =10*IF(OR(D100=1,AND(C152<4,C131=1)),C94,1)*IF(D100=2,IF(C94>0,1,1-(1-(0.75)^((5+(H15/2))/H15))/(1+3*(1-(0.75)^((5+(H15/2))/H15))*C82)),1)*IF(NOT(OR(OR(D100=1,AND(C152<4,C131=1)),D100=2)),IF(C94>0,1,1-(1-(0.75)^((4+(H15/2))/H15))),1) -> 10 | Q40: =1.5/$J$9 -> 0.9838808 | R40: 15 | S40: =IF(OR(D100=1,AND(C152<4,C131=1)),MAX((10-5*C131*E137+H15*3.5+C151),12),0)+IF(NOT(OR(D100=1,AND(C152<4,C131=1))),15-5*C131*E137-C82,0) -> 14 | T40: =1/S40 -> 0.071428571 | U40: =T40*Q40 -> 0.0702772 | V40: =T40*K40 -> 10535.925 | W40: =T40*L40 -> 2107.1851 | X40: =T40*M40 -> 3106.063 | Y40: =X40*(1-$C$144) -> 2484.8504 | Z40: =T40*N40 -> -0.026846853 | AA40: =T40*O40 -> 0.71428571
A41: Row 2 | B41: Runic Attenuation | C41: =IF(ISBLANK(Inputs!H43),Inputs!C43,Inputs!H43) -> 1 | G41: Death Pact | M41: =$L$7*(0.2+0.1*C62)*$J$10 -> 430976.84 | R41: 120 | S41: =R41-30*C62+$C$151 -> 120.8 | T41: =1/S41*C56 -> 0 | X41: =T41*M41 -> 0 | Y41: =X41 -> 0
B42: Improved Death Strike | C42: =IF(ISBLANK(Inputs!H44),Inputs!C44,Inputs!H44) -> 1 | G42: Death Strike | H42: =1.5312*1.2*1.12 -> 2.0579328 | I42: =2.3 -> 2.3 | J42: =($J$6*(1+$E$116)*(1+$D$157)+169*15/120*$C$24+$C$14*6)*H42*$J$10*$L$11*I42*(1+0.12*C130) -> 29849.816 | K42: =J42*$J$8*0.7*(1+C99*0.08*MIN((T25+C108*T51*(1-(1-0.15)*(1-0.15*MAX(4,C152-1))))/T42*C152,5))*(1+0.6*C19*(1+0.2*C63))*$J$14*(1+0.08*C120)*(1+0.05*K134)*MAX((1+0.2*C63*C19),MIN((1+0.2*C63*C19)+C106*0.75*(C152-1),(1+0.2*C63*C19)+C106*1.5)) -> 271905.74 | L42: =K42*(1+0.2*C63*C19)/MAX((1+0.2*C63*C19),MIN((1+0.2*C63*C19)+C106*0.75*(C152-1),(1+0.2*C63*C19)+C106*1.5)) -> 120847 | M42: =K42*$L$12+MAX(5*0.2*T10*(1+0.05*C111),7/100*L7)*(1+C99*0.08*MIN((T25+C108*T51*(1-(1-0.15)*(1-0.15*MAX(4,C152-1))))/T42*C152,5))*$J$10*$J$15*(1+0.15*C42) -> 883861.64 | O42: =(-45)+5*C91+IF(C42>0,5,0)+10*8*T26 -> -35 | Q42: =1.5/$J$9 -> 0.9838808 | T42: =-(SUM(AA19:AA41,AA43:AA76))/O42 -> 0.39225191 | U42: =T42*Q42 -> 0.38592912 | V42: =T42*K42 -> 106655.55 | W42: =T42*L42 -> 47402.465 | X42: =MIN(T42,0.2)*M42 -> 176772.33 | Y42: =X42*(1-$C$144) -> 141417.86 | AA42: =T42*O42 -> -13.728817
B43: Cleaving Strikes | C43: =IF(ISBLANK(Inputs!H45),Inputs!C45,Inputs!H45) -> 1 | G43: Death's Caress | H43: =0.4374 -> 0.4374 | I43: 1.15 | J43: =($J$6*(1+$E$116)*(1+$D$157)+169*15/120*$C$24+$C$14*6)*H43*$J$10*$L$11*I43*(1+0.01*E25) -> 3172.1904 | K43: =J43*$J$8*$J$14*(1+$C$131*0.05)*(1+0.08*C120*D120) -> 4972.4792 | L43: =K43 -> 4972.4792 | M43: =K43*$L$12 -> 919.90865 | N43: -1 | O43: 10 | P43: 2 | Q43: =1.5/$J$9 -> 0.9838808 | R43: 6 | S43: =IF(4*Q43>=R43,4*Q43,(IF(5*Q43>=R43,5*Q43,(IF(6*Q43>=R43,6*Q43,(IF(7*Q43>=R43,7*Q43,(8*Q43)))))))) -> 6.8871656 | T43: =MIN(1/S43,(L15-SUM(AB19:AB42)-SUM(AB44:AB56)-SUM(AB61:AB76))/2)*D87 -> 0 | U43: =T43*Q43 -> 0 | V43: =T43*K43 -> 0 | W43: =T43*L43 -> 0 | X43: =T43*M43 -> 0 | Y43: =X43*(1-$C$144) -> 0 | Z43: =T43*N43 -> 0 | AA43: =T43*O43 -> 0 | AB43: =P43*T43 -> 0
A44: Row 3 | B44: Mind Freeze | C44: =IF(ISBLANK(Inputs!H46),Inputs!C46,Inputs!H46) -> 1 | D44: =IF(ISBLANK(Inputs!I46),Inputs!D46,Inputs!I46) -> 0 | G44: Embrace of Bwonsamdi | H44: =0.22 -> 0.22 | J44: =($J$6*(1+$E$116)*(1+$D$157)+$C$14*6)*H44*$J$10*$L$11 -> 1387.4116 | K44: =J44*$J$8*$J$14*(1+0.08*C120*D120) -> 2071.2367 | L44: =K44 -> 2071.2367 | M44: =K44*(1+$L$12) -> 2454.4155 | R44: =60/3 -> 20 | S44: =R44/1.13/$J$9 -> 11.609213 | T44: =1/S44*IF($E$28=1,1,0) -> 0 | V44: =T44*K44 -> 0 | W44: =T44*L44 -> 0 | X44: =T44*M44 -> 0 | Y44: =X44*(1-$C$144) -> 0
B45: Blinding Sleet | C45: =IF(ISBLANK(Inputs!H47),Inputs!C47,Inputs!H47) -> 1 | G45: Embrace of Kimbul | H45: 0.075 | J45: =($J$6*(1+$E$116)*(1+$D$157)+$C$14*6)*H45*$J$10*$L$11 -> 472.98122 | K45: =J45*$J$8*$J$14*(1+0.08*C120*D120) -> 706.10343 | L45: =K45 -> 706.10343 | M45: =K45*$L$12 -> 130.62913 | V45: =IF(IF($E$28=2,1,0),1.13*(exp(6*12*J9/60)-1)*(1-(1-exp(-6*12*J9/60))^3)*K45/6,0) -> 0 | W45: =V45 -> 0 | X45: =V45*$L$12 -> 0 | Y45: =X45*(1-$C$144) -> 0
B46: Gloom Ward | C46: =IF(ISBLANK(Inputs!H48),Inputs!C48,Inputs!H48) -> 2 | G46: Exterminate (First) | H46: =7.1545*1.2*1.2 -> 10.30248 | I46: 1.15 | J46: =($J$6*(1+$E$116)*(1+$D$157)+169*15/120*$C$24+$C$14*6)*H46*$J$10*$L$11*I46*(1+0.01*$E$25) -> 74717.487 | K46: =J46*$J$8*$J$14*(1+C130*0.15*$B$19*(1+0.2*$C$63))*$H$135*(1+0.08*C120*D120) -> 111544.12 | L46: =K46 -> 111544.12 | M46: =K46*$L$12 -> 20635.662 | T46: =T64*(3-C137)+T38 -> 0.011013216 | V46: =T46*K46 -> 1228.4595 | W46: =T46*L46 -> 1228.4595 | X46: =T46*M46 -> 227.265 | Y46: =X46*(1-$C$144) -> 181.812
B47: March of Darkness | C47: =IF(ISBLANK(Inputs!H49),Inputs!C49,Inputs!H49) -> 0 | G47: Exterminate (Second) | H47: =3.91*1.2 -> 4.692 | I47: 1.15 | J47: =($J$6*(1+$E$116)*(1+$D$157)+169*15/120*$C$24+$C$14*6)*H47*$J$10*$L$11*I47*(1+0.01*$E$25) -> 34028.161 | K47: =J47*$J$8*$C$152/SQRT(MAX(1,$C$152/8))*$J$14*(1+C130*0.15*$B$19*(1+0.2*$C$63))*$H$135*(1+0.08*C120*D120) -> 253999.52 | L47: =K47/$C$152 -> 50799.905 | M47: =K47*$L$12 -> 46989.912 | T47: =T64*(3-C137)+T38 -> 0.011013216 | V47: =T47*K47 -> 2797.3516 | W47: =T47*L47 -> 559.47032 | X47: =T47*M47 -> 517.51004 | Y47: =X47*(1-$C$144) -> 414.00804
B48: Wraith Walk | C48: =IF(ISBLANK(Inputs!H50),Inputs!C50,Inputs!H50) -> 0 | G48: Gift of the Naaru | M48: =L7*0.2 -> 336578.92 | R48: 120 | S48: =R48+$C$151 -> 120.8 | T48: =1/S48*C34 -> 0 | X48: =T48*M48 -> 0 | Y48: =X48*(1-$C$144) -> 0
B49: Unholy Momentum | C49: =IF(ISBLANK(Inputs!H51),Inputs!C51,Inputs!H51) -> 2 | G49: Gorefiend's Grasp | P49: =MIN(C90*C152,6) -> 5 | Q49: =1.5/$J$9 -> 0.9838808 | R49: 90 | S49: =R49+$C$151 -> 90.8 | T49: =1/S49*C103*D103 -> 0 | U49: =T49*Q49 -> 0 | AB49: =P49*T49 -> 0
B50: Control Undead | C50: =IF(ISBLANK(Inputs!H52),Inputs!C52,Inputs!H52) -> 0 | G50: Healing Vial | H50: 3.78 | J50: =($J$6*(1+$E$116)*(1+$D$157)+$C$14*6)*H50*$J$10*$L$11 -> 23838.254 | M50: =J50*$J$8*$J$15 -> 30227.113 | Q50: =1.5/$J$9 -> 0.9838808 | R50: 90 | S50: =R50+$C$151 -> 90.8 | T50: =1/S50*IF($E$29=2,1,0) -> 0 | U50: =T50*Q50 -> 0 | X50: =T50*M50 -> 0 | Y50: =X50*(1-$C$144) -> 0
B51: Enfeeble | C51: =IF(ISBLANK(Inputs!H53),Inputs!C53,Inputs!H53) -> 1 | G51: Heart Strike | H51: =1.31112*1.2*1.25 -> 1.96668 | I51: 1.15 | J51: =($J$6*(1+$E$116)*(1+$D$157)+169*15/120*$C$24+$C$14*6)*H51*$J$10*$L$11*I51*(1+0.15*C93) -> 14263.108 | K51: =J51*$J$8*0.7*IF($C$152<=5,IF($C$152<3,$C$152,2+IF($C$43>0,$C$152-2,0)*((14-5*C131*E137)/S40)),2+IF($C$43>0,3,0)*((14-5*C131*E137)/S40))*$J$14*(1+0.08*C120*D120) -> 74525.799 | L51: =K51/IF($C$152<=5,IF($C$152<3,$C$152,2+IF($C$43>0,$C$152-2,0)*((14-5*C131*E137)/S40)),2+IF($C$43>0,3,0)*((14-5*C131*E137)/S40)) -> 14905.16 | M51: =K51*$L$12+IF($C$152<=5,IF($C$152<3,$C$152,2+IF($C$43>0,$C$152-2,0)*((14-5*C131*E137)/S40)),2+IF($C$43>0,3,0)*((14-5*C131*E137)/S40))*$L$7*0.0025*$C$95 -> 13787.273 | N51: -1 | O51: =(15+2*C96*IF($C$152<=5,IF($C$152<3,$C$152,2+IF(C43>0,$C$152-2,0)*IF(D100=2,(1-T40*(1-(0.75)^((5+(H15/2))/H15))/(1+3*(1-(0.75)^((5+(H15/2))/H15))*C82)/(1-(0.75)^((5+(H15/2))/H15))),((14-5*C131*E137)/S40))+2*(1-IF(D100=2,(1-T40*(1-(0.75)^((5+(H15/2))/H15))/(1+3*(1-(0.75)^((5+(H15/2))/H15))*C82)/(1-(0.75)^((5+(H15/2))/H15))),((14-5*C131*E137)/S40)))),2+IF(C43>0,3,0)*IF(D100=2,(1-T40*(1-(0.75)^((5+(H15/2))/H15))/(1+3*(1-(0.75)^((5+(H15/2))/H15))*C82)/(1-(0.75)^((5+(H15/2))/H15))),((14-5*C131*E137)/S40))+2*(1-IF(D100=2,(1-T40*(1-(0.75)^((5+(H15/2))/H15))/(1+3*(1-(0.75)^((5+(H15/2))/H15))*C82)/(1-(0.75)^((5+(H15/2))/H15))),((14-5*C131*E137)/S40))))) -> 25 | Q51: =1.5/$J$9 -> 0.9838808 | T51: =MIN(($L$9+SUM(Z19:Z50)+SUM(Z52:Z76))/(-N51),MAX((1-SUM(U18:U41,U43:U50,U52:U76)+SUM(AA19:AA41,AA43:AA50,AA52:AA76)/O42*Q42)/Q51*(-O42/(O51-O42)),0)) -> 0.38756953 | U51: =T51*Q51 -> 0.38132221 | V51: =(T51-T74+3*(1-C131*T38*(8+C110*4))*C116/(9/(1/(0.5+(2/((L14+0.3*(1-(1-(T38*(8+C110*4)))*(1-IF(C127>3,1,0)*(1-0.875^(8*(T40+T43+T51+T57+T63)))))))-1+IF(C152=1,0.5,0))/C152))+9/(1/(0.5+(2/((L14+0.3*(1-(1-(T38*(8+C110*4)))*(1-IF(C127>3,1,0)*(1-0.875^(8*(T40+T43+T51+T57+T63)))))))-1+IF(C152=1,0.5,0))/C152))/2*((0.8/3^(C152-1))/(1-(0.8/3^(C152-1))))+6)+1.5*(1-C131*(T38*(8+C110*4))/(1-(1-(T38*(8+C110*4)))*(1-IF(C127>3,1,0)*(1-0.875^(8*(T40+T43+T51+T57+T63))))))*F127)*K51 -> 38527.903 | W51: =(T51-T74+3*(1-C131*T38*(8+C110*4))*C116/(9/(1/(0.5+(2/((L14+0.3*(1-(1-(T38*(8+C110*4)))*(1-IF(C127>3,1,0)*(1-0.875^(8*(T40+T43+T51+T57+T63)))))))-1+IF(C152=1,0.5,0))/C152))+9/(1/(0.5+(2/((L14+0.3*(1-(1-(T38*(8+C110*4)))*(1-IF(C127>3,1,0)*(1-0.875^(8*(T40+T43+T51+T57+T63)))))))-1+IF(C152=1,0.5,0))/C152))/2*((0.8/3^(C152-1))/(1-(0.8/3^(C152-1))))+6)+1.5*(1-C131*(T38*(8+C110*4))/(1-(1-(T38*(8+C110*4)))*(1-IF(C127>3,1,0)*(1-0.875^(8*(T40+T43+T51+T57+T63))))))*F127)*L51 -> 7705.5805 | X51: =(T51-T74)*M51 -> 2759.9901 | Y51: =X51*(1-$C$144) -> 2207.9921 | Z51: =T51*N51 -> -0.38756953 | AA51: =T51*O51 -> 9.6892382
A52: Row 4 | B52: Coldthirst | C52: =IF(ISBLANK(Inputs!H54),Inputs!C54,Inputs!H54) -> 1 | G52: Icebound Fortitude | K52: =IF($C$152<=5,IF($C$152<3,$C$152,2+IF($C$43>0,$C$152-2,0)*((14-5*C131*E137)/S40)),2+IF($C$43>0,3,0)*((14-5*C131*E137)/S40)) -> 5 | R52: 120 | S52: 120 | T52: =1/S52*C38*C149 -> 0.0083333333
B53: Proliferating Chill | C53: =IF(ISBLANK(Inputs!H55),Inputs!C55,Inputs!H55) -> 0 | G53: Infliction of Sorrow | J53: =J29*0.2 -> 4570.5344 | K53: =J53*$J$8*IF($C$152<=5,IF($C$152<3,$C$152,IF($C$43>0,$C$152,2)*(14-5*C131*E137)/$S$40+2*($S$40-(14-5*C131*E137))/$S$40),IF($C$43>0,5,2)*(14-5*C131*E137)/$S$40+2*($S$40-(14-5*C131*E137))/$S$40)*$J$14*(1+$C$131*0.05)*(1+0.08*C120*D120) -> 35822.072 | L53: =K53/IF($C$152<=5,IF($C$152<3,$C$152,IF($C$43>0,$C$152,2)*(14-5*C131*E137)/$S$40+2*($S$40-(14-5*C131*E137))/$S$40),IF($C$43>0,5,2)*(14-5*C131*E137)/$S$40+2*($S$40-(14-5*C131*E137))/$S$40) -> 7164.4144 | M53: =K53*$L$12 -> 6627.0834 | T53: =C131*T74 -> 0.18738562 | V53: =T53*K53*C131 -> 6712.5413 | W53: =T53*L53*C131 -> 1342.5083 | X53: =T53*M53*C131 -> 1241.8201 | Y53: =X53*(1-$C$144) -> 993.45611
B54: Permafrost | C54: =IF(ISBLANK(Inputs!H56),Inputs!C56,Inputs!H56) -> 1 | G54: Lichborne | R54: 120 | S54: =120-30*C130*C138-30*C72 -> 120 | T54: =1/S54*C149 -> 0.0083333333
B55: Veteran of the Third War | C55: =IF(ISBLANK(Inputs!H57),Inputs!C57,Inputs!H57) -> 1 | G55: Lifeblood | M55: =M42*0.2/(1+C99*0.08*MIN((T25+C108*T51*(1-(1-0.15)*(1-0.15*MAX(4,C152-1))))/T42*C152,5)) -> 135630.43 | T55: =T42*C109 -> 0.39225191 | X55: =T55*M55 -> 53201.294 | Y55: =X55*(1-$C$144) -> 42561.035
B56: Death Pact | C56: =IF(ISBLANK(Inputs!H58),Inputs!C58,Inputs!H58) -> 0 | G56: Light's Judgment | H56: 4.2 | J56: =($J$6*(1+$E$116)*(1+$D$157)+$C$14*6)*H56*$J$10*$L$11 -> 26486.948 | K56: =J56*$J$8*$C$152/SQRT(MAX(1,$C$152/8))*$J$14*(1+0.08*C120*D120) -> 197708.96 | L56: =K56/$C$152 -> 39541.792 | M56: =K56*$L$12 -> 36576.157 | Q56: =1.5/$J$9 -> 0.9838808 | R56: 150 | S56: =R56+$C$151 -> 150.8 | T56: =1/S56*E31 -> 0 | U56: =T56*Q56 -> 0 | V56: =T56*K56 -> 0 | W56: =T56*L56 -> 0 | X56: =T56*M56 -> 0 | Y56: =X56*(1-$C$144) -> 0
B57: Brittle | C57: =IF(ISBLANK(Inputs!H59),Inputs!C59,Inputs!H59) -> 1 | G57: Marrowrend | H57: =1.471*1.5 -> 2.2065 | I57: 1.15 | J57: =($J$6*(1+$E$116)*(1+$D$157)+169*15/120*$C$24+$C$14*6)*H57*$J$10*$L$11*I57 -> 16002.374 | K57: =J57*$J$8*0.7*$J$14*(1+0.08*C120*D120) -> 16722.718 | L57: =K57 -> 16722.718 | M57: =K57*$L$12 -> 3093.7028 | N57: -2 | O57: =20 -> 20 | P57: 3 | Q57: =1.5/$J$9 -> 0.9838808 | T57: =MAX((L15-SUM(AB19:AB56)-SUM(AB58:AB76))/3,T47) -> 0.090619337 | U57: =T57*Q57 -> 0.089158626 | V57: =T57*K57 -> 1515.4016 | W57: =T57*L57 -> 1515.4016 | X57: =T57*M57 -> 280.3493 | Y57: =X57*(1-$C$144) -> 224.27944 | Z57: =(T57-T47/(2))*N57 -> -0.17022546 | AA57: =T57*O57 -> 1.8123867 | AB57: =P57*T57 -> 0.27185801
B58: Blood Bond | C58: =IF(ISBLANK(Inputs!H60),Inputs!C60,Inputs!H60) -> 0 | G58: Mind Freeze | O58: =10*C52 -> 10 | R58: 15 | S58: =R58-3*C52 -> 12 | T58: =1/S58*D44*C44 -> 0 | AA58: =T58*O58 -> 0
A59: Row 5 | B59: Icy Talons | C59: =IF(ISBLANK(Inputs!H61),Inputs!C61,Inputs!H61) -> 1 | D59: =IF(ISBLANK(Inputs!I61),Inputs!D61,Inputs!I61) -> 0.9 | G59: Pact of the San'layn | K59: =SUM(V25,V26,K28/10*C118,V29,V35,V40,V43,V53,K68/10*C123,IF(C131=1,V74*T51/T74,0))*10*0.15*0.15*$C$152/SQRT(MAX(1,$C$152/8))*(1+$C$131*0.05*MIN(1,5/$C$152))*J10*(1+0.08*C120*D120) -> 185218.96 | L59: =K59/$C$152 -> 37043.792 | M59: =K59/((1+$C$131*0.05*MIN(1,5/$C$152)))/$C$152 -> 35279.802 | T59: =T24*C131*E141 -> 0.011013216 | V59: =T59*K59 -> 2039.8564 | W59: =T59*L59 -> 407.97128 | X59: =T59*M59 -> 388.54408 | Y59: =X59*(1-$C$144) -> 310.83526
B60: Death Notes | C60: =IF(ISBLANK(Inputs!H62),Inputs!C62,Inputs!H62) -> 1 | G60: Permafrost | M60: =K23*0.5*(1+0.15*C46)*(1+C130) -> 9638.3118 | T60: =T23*C54 -> 0.72537393 | X60: =T60*M60+C130*T47*(K46+K47)*0.1*(1+0.15*C46)*C54 -> 6991.3801 | Y60: =X60 -> 6991.3801
B61: Anti-Magic Zone | C61: =IF(ISBLANK(Inputs!H63),Inputs!C63,Inputs!H63) -> 1 | D61: =IF(ISBLANK(Inputs!I63),Inputs!D63,Inputs!I63) -> 0 | G61: Raise Dead | H61: =0.5875*2/6*1.075 -> 0.21052083 | I61: 1 | J61: =($J$6*(1+$E$116)*(1+$D$157)+169*15/120*$C$24+$C$14*6)*H61*$J$10*$L$11*I61*(1+0.01*C24) -> 1327.632 | K61: =J61*$J$8*0.7*(INT($J$9*60/2+1)+(60*$J$9*10+25)/40*1.35)*$J$14*(1+$C$131*0.05) -> 109703.99 | L61: =K61 -> 109703.99 | R61: 120 | S61: =120-30*C130*C138 -> 120 | T61: =1/S61*C40 -> 0.0083333333 | V61: =T61*K61 -> 914.19989 | W61: =T61*L61 -> 914.19989
B62: Death Defiance | C62: =IF(ISBLANK(Inputs!H64),Inputs!C64,Inputs!H64) -> 0 | G62: Razorice | H62: 0.01127 | I62: 1.15 | J62: =($J$6*(1+$E$116)*(1+$D$157)+169*15/120*$C$24+$C$14*6)*H62*$J$10*$L$11*I62*(1+0.01*E25) -> 81.734308 | K62: =J62*$J$8*$J$14*(1+0.2*C63)*(1+0.08*C120*D120)*(1+0.15*$B$19*(1+0.2*$C$63)) -> 146.42326 | L62: =K62 -> 146.42326 | M62: =K62*$L$12 -> 27.088302 | T62: =$B$19*(T23+T35*$C$152+T42*MIN((C152-1)*C106+1,2*C106+1)+T51*IF($C$152<=5,IF($C$152<3,$C$152,2+IF(C43>0,$C$152-2,0)*10/S40+2*(S40-10)/S40),2+IF(C43>0,3,0)*10/S40+2*(S40-10)/S40)+T57) -> 0 | V62: =T62*K62 -> 0 | W62: =T62*L62 -> 0 | X62: =T62*M62 -> 0 | Y62: =X62*(1-$C$144) -> 0
B63: Unholy Bond | C63: =IF(ISBLANK(Inputs!H65),Inputs!C65,Inputs!H65) -> 1 | G63: Reaper's Mark | H63: =3.07125*1.2*1.2 -> 4.4226 | I63: 1.15 | J63: =($J$6*(1+$E$116)*(1+$D$157)+169*15/120*$C$24+$C$14*6)*H63*$J$10*$L$11*I63*(1+0.01*E25)*1.05 -> 33678.089 | K63: =J63*$J$8*$J$14*(1+0.15*$B$19*(1+0.2*$C$63))*(1+0.08*C120*D120) -> 50277.289 | L63: =K63 -> 50277.289 | M63: =K63*$L$12 -> 9301.2985 | N63: -2 | O63: =20 -> 20 | P63: =3 -> 3 | Q63: =1.5/$J$9 -> 0.9838808 | R63: 45 | S63: =2*R63/(2+C137)+$C$151 -> 45.8 | T63: =1/S63*C130 -> 0 | U63: =T63*Q63 -> 0 | V63: =T63*K63 -> 0 | W63: =T63*L63 -> 0 | X63: =T63*M63 -> 0 | Y63: =X63*(1-$C$144) -> 0 | Z63: =T63*N63 -> 0 | AA63: =T63*O63 -> 0 | AB63: =P63*T63 -> 0
A64: Row 6 | B64: Ice Prison | C64: =IF(ISBLANK(Inputs!H66),Inputs!C66,Inputs!H66) -> 0 | G64: Reaper's Mark (Debuff) | H64: =0.3779*1.2 -> 0.45348 | I64: 1.15 | J64: =($J$6*(1+$E$116)*(1+$D$157)+169*15/120*$C$24+$C$14*6)*H64*$J$10*$L$11*I64*(1+0.01*E25)*1.05 -> 3453.2491 | K64: =J64*$J$8*$J$14*(1+0.15*$B$19*(1+0.2*$C$63))*$H$134*(1+0.15)*(1+0.05*(1+H8))*(1+0.08*C120*D120) -> 251599.62 | L64: =K64 -> 251599.62 | M64: =K64*$L$12 -> 46545.929 | T64: =T63 -> 0 | V64: =T64*K64 -> 0 | W64: =T64*L64 -> 0 | X64: =T64*M64 -> 0 | Y64: =X64*(1-$C$144) -> 0
B65: Death's Reach | C65: =IF(ISBLANK(Inputs!H67),Inputs!C67,Inputs!H67) -> 0 | G65: Rocket Barrage | H65: 0.5 | J65: =(360+343*0.429/0.5*(1+0.05*C21)+$J$6*(1+$E$116)*(1+$D$157)+$C$14*6)*H65*$J$10*$L$11 -> 3652.4367 | K65: =J65*$J$8*$J$14*(1+0.08*C120*D120) -> 5452.6437 | L65: =K65 -> 5452.6437 | M65: =K65*$L$12 -> 1008.7391 | Q65: =1.5/$J$9 -> 0.9838808 | R65: 90 | S65: =R65+$C$151 -> 90.8 | T65: =1/S65*C29 -> 0 | U65: =T65*Q65 -> 0 | V65: =T65*K65 -> 0 | W65: =T65*L65 -> 0 | X65: =T65*M65 -> 0 | Y65: =X65*(1-$C$144) -> 0
B66: Asphyxiate | C66: =IF(ISBLANK(Inputs!H68),Inputs!C68,Inputs!H68) -> 1 | G66: Rune of Sanguination | M66: =$L$7*0.48*(1+0.2*C63) -> 969347.29 | R66: 360 | S66: 360 | T66: =1/S66*C19 -> 0.0027777778 | X66: =T66*M66 -> 2692.6314 | Y66: =X66*(1-$C$144) -> 2154.1051
B67: Assimilation | C67: =IF(ISBLANK(Inputs!H69),Inputs!C69,Inputs!H69) -> 1 | G67: Runic Attenuation | O67: 3 | R67: =60/10.8 -> 5.5555556 | S67: =1/(10.8*J9*1.13/60) -> 3.2247814 | T67: =1/S67*C41 -> 0.31009854 | AA67: =T67*O67 -> 0.93029562
B68: Anti-Magic Barrier | C68: =IF(ISBLANK(Inputs!H70),Inputs!C70,Inputs!H70) -> 1 | G68: Sanguinary Burst | H68: 2.76 | J68: =($J$6*(1+$E$116)*(1+$D$157)+169*15/120*$C$24+$C$14*6)*H68*$J$10*$L$11*(1+0.01*$E$25) -> 17405.709 | K68: =J68*$J$8*$J$14*(1+$C$131*0.05*MIN(1,5/$C$152))*$C$152/SQRT(MAX(1,$C$152/8))*(1+0.02*-AA42*8*((O42-5*IF(C42>0,1,0))/O42))*(1+0.08*C120*D120) -> 478887.56 | L68: =K68/$C$152 -> 95777.513 | M68: =K68*(0.18+$L$12) -> 174793.96 | T68: =T28*C123 -> 0 | V68: =T68*K68 -> 0 | W68: =T68*L68 -> 0 | X68: =T68*M68 -> 0 | Y68: =X68*(1-$C$144) -> 0
B69: Grip of the Dead | C69: =IF(ISBLANK(Inputs!H71),Inputs!C71,Inputs!H71) -> 1 | G69: Soul Rupture | I69: 1.15 | K69: =K64*1/10*($C$152-1)*$I$69*1.05*IF(D100=2,(1+0.06*C119*(1-T40*(1-(0.75)^((5+(H15/2))/H15))/(1+3*(1-(0.75)^((5+(H15/2))/H15))*C82)/(1-(0.75)^((5+(H15/2))/H15)))),(1+0.06*(14-5*C131*E137)*C119*(1/S40))) -> 128813.97 | L69: =K69/$C$152 -> 25762.794 | M69: =K69*$L$12 -> 23830.585 | T69: =T64 -> 0 | V69: =T69*K69 -> 0 | W69: =T69*L69 -> 0 | X69: =T69*M69 -> 0 | Y69: =X69*(1-$C$144) -> 0
A70: Row 7 | B70: Suppression | C70: =IF(ISBLANK(Inputs!H72),Inputs!C72,Inputs!H72) -> 0 | G70: Stoneform | R70: 120 | S70: 120 | T70: =1/S70*C31*$C$149 -> 0
B71: Blood Scent | C71: =IF(ISBLANK(Inputs!H73),Inputs!C73,Inputs!H73) -> 1 | G71: Touch of the Grave | H71: =1.25*0.25 -> 0.3125 | J71: =($J$6*(1+$E$116)*(1+$D$157)+$C$14*6)*H71*$J$10*$L$11 -> 1970.7551 | K71: =J71*$J$8*$J$14*(1+0.08*C120*D120)*(1+$C$131*0.05*MIN(1,5/$C$152)) -> 3089.2025 | L71: =K71 -> 3089.2025 | M71: =K71*(1+$L$12) -> 3660.7049 | R71: 15 | S71: =15 -> 15 | T71: =1/S71*C25 -> 0 | V71: =T71*K71 -> 0 | W71: =T71*L71 -> 0 | X71: =T71*M71 -> 0 | Y71: =X71*(1-$C$144) -> 0
B72: Unholy Endurance | C72: =IF(ISBLANK(Inputs!H74),Inputs!C74,Inputs!H74) -> 0 | G72: Umbilicus Eternus | M72: =MIN(L7,V29*(10+2*C92)*6)*J10*(1+0.15*C46) -> 1508626 | T72: =T76*C126 -> 0.045977948 | X72: =T72*M72 -> 69363.529 | Y72: =X72 -> 69363.529
A73: Row 8 | B73: Osmosis | C73: =IF(ISBLANK(Inputs!H75),Inputs!C75,Inputs!H75) -> 0 | G73: Unholy Strength | M73: =$L$7*0.04*(1+0.2*C63) -> 80778.941 | R73: =60/3 -> 20 | S73: =R73/1.13/$J$9 -> 11.609213 | T73: =1/S73*B21 -> 0 | X73: =T73*M73 -> 0 | Y73: =X73*(1-$C$144) -> 0
B74: Insidious Chill | C74: =IF(ISBLANK(Inputs!H76),Inputs!C76,Inputs!H76) -> 1 | G74: Vampiric Strike | H74: =0.907*1.25 -> 1.13375 | I74: 1.15 | J74: =($J$6*(1+$E$116)*(1+$D$157)+169*15/120*$C$24+$C$14*6)*H74*$J$10*$L$11*I74*(1+0.15*C93)*(1+0.01*$E$25)*(1+0.1*C43) -> 9044.6228 | K74: =J74*$J$8*IF($C$152<=5,IF($C$152<3,$C$152,IF($C$43>0,$C$152,2)*(14-5*C131*E137)/$S$40+2*($S$40-(14-5*C131*E137))/$S$40),IF($C$43>0,5,2)*(14-5*C131*E137)/$S$40+2*($S$40-(14-5*C131*E137))/$S$40)*$J$14*(1+$C$131*0.2)*(1+0.08*C120*D120) -> 81015.13 | L74: =K74/IF($C$152<=5,IF($C$152<3,$C$152,IF($C$43>0,$C$152,2)*(14-5*C131*E137)/$S$40+2*($S$40-(14-5*C131*E137))/$S$40),IF($C$43>0,5,2)*(14-5*C131*E137)/$S$40+2*($S$40-(14-5*C131*E137))/$S$40) -> 16203.026 | M74: =K74*$L$12+IF($C$152<=5,IF($C$152<3,$C$152,IF($C$43>0,$C$152,2)*(14-5*C131*E137)/$S$40+2*($S$40-(14-5*C131*E137))/$S$40),IF($C$43>0,5,2)*(14-5*C131*E137)/$S$40+2*($S$40-(14-5*C131*E137))/$S$40)*$L$7*0.0025*$C$95+$L$7*0.02*$J$10 -> 58085.483 | T74: =C131*((T38*(8+C110*4))*T51+(1-T38*(8+C110*4))*((0.35+0.05*14/S40*E136)*T42+(E140*0.35*0.15)*T42)) -> 0.18738562 | V74: =(T74+(C131*T38*(8+C110*4))*C116/(9/(1/(0.5+(2/((L14+0.3*(1-(1-(T38*(8+C110*4)))*(1-IF(C127>3,1,0)*(1-0.875^(8*(T40+T43+T51+T57+T63)))))))-1+IF(C152=1,0.5,0))/C152))+9/(1/(0.5+(2/((L14+0.3*(1-(1-(T38*(8+C110*4)))*(1-IF(C127>3,1,0)*(1-0.875^(8*(T40+T43+T51+T57+T63)))))))-1+IF(C152=1,0.5,0))/C152))/2*((0.8/3^(C152-1))/(1-(0.8/3^(C152-1))))+6)+1.5*C131*F127*((T38*(8+C110*4))/(1-(1-(T38*(8+C110*4)))*(1-IF(C127>3,1,0)*(1-0.875^(8*(T40+T43+T51+T57+T63)))))))*K74 -> 20193.026 | W74: =(T74+(C131*T38*(8+C110*4))*C116/(9/(1/(0.5+(2/((L14+0.3*(1-(1-(T38*(8+C110*4)))*(1-IF(C127>3,1,0)*(1-0.875^(8*(T40+T43+T51+T57+T63)))))))-1+IF(C152=1,0.5,0))/C152))+9/(1/(0.5+(2/((L14+0.3*(1-(1-(T38*(8+C110*4)))*(1-IF(C127>3,1,0)*(1-0.875^(8*(T40+T43+T51+T57+T63)))))))-1+IF(C152=1,0.5,0))/C152))/2*((0.8/3^(C152-1))/(1-(0.8/3^(C152-1))))+6)+1.5*C131*F127*((T38*(8+C110*4))/(1-(1-(T38*(8+C110*4)))*(1-IF(C127>3,1,0)*(1-0.875^(8*(T40+T43+T51+T57+T63)))))))*L74 -> 4038.6053 | X74: =T74*M74 -> 10884.384 | Y74: =X74*(1-$C$144) -> 8707.5075
B75: Runic Protection | C75: =IF(ISBLANK(Inputs!H77),Inputs!C77,Inputs!H77) -> 1 | G75: Wave of Souls | H75: =1.766*1.2 -> 2.1192 | I75: 1.15 | J75: =($J$6*(1+$E$116)*(1+$D$157)+169*15/120*$C$24+$C$14*6)*H75*$J$10*$L$11*I75*(1+0.01*$E$25) -> 15369.241 | K75: =J75*($J$8+2)/2*(1+$C$152)*$J$14*(1+0.15*$B$19*(1+0.2*$C$63))*(H8*0.05/2+1)*(1+0.08*C120*D120) -> 182741.13 | L75: =K75*2/(1+$C$152) -> 60913.709 | M75: =K75*$L$12 -> 33807.109 | T75: =T63 -> 0 | V75: =T75*K75 -> 0 | W75: =T75*L75 -> 0 | X75: =T75*M75 -> 0 | Y75: =X75*(1-$C$144) -> 0
B76: Blood Draw | C76: =IF(ISBLANK(Inputs!H78),Inputs!C78,Inputs!H78) -> 0 | G76: Vampiric Blood | R76: =90 -> 90 | S76: =R76/(1-AA42/5*C122*((O42-5*IF(C42>0,1,0))/O42)) -> 21.749557 | T76: =1/S76*C89*C149 -> 0.045977948
A77: Row 9 | B77: Rune Mastery | C77: =IF(ISBLANK(Inputs!H79),Inputs!C79,Inputs!H79) -> 2 | T77: Total | U77: =sum(U19:U76) -> 1 | V77: =sum(V19:V76)+V78 -> 326198.05 | W77: =sum(W19:W76)+W78 -> 111420.21 | X77: =sum(X19:X76)+X78 -> 441903.78 | Y77: =sum(Y19:Y76)+Y78 -> 383897.79 | Z77: =sum(Z19:Z76) -> -0.44434439 | AA77: =sum(AA19:AA76) -> 0 | AB77: =sum(AB19:AB76) -> 0.32692409
B78: Subduing Grasp | C78: =IF(ISBLANK(Inputs!H80),Inputs!C80,Inputs!H80) -> 0 | AB78: =AB102
B79: Will of the Necropolis | C79: =IF(ISBLANK(Inputs!H81),Inputs!C81,Inputs!H81) -> 2
A80: Row 10 | B80: Null Magic | C80: =IF(ISBLANK(Inputs!H82),Inputs!C82,Inputs!H82) -> 1
B81: Unyielding Will | C81: =IF(ISBLANK(Inputs!H83),Inputs!C83,Inputs!H83) -> 0
B82: Death's Echo | C82: =IF(ISBLANK(Inputs!H84),Inputs!C84,Inputs!H84) -> 1
B83: Vestigial Shell | C83: =IF(ISBLANK(Inputs!H85),Inputs!C85,Inputs!H85) -> 0
B85: Blood Talents | C85: Rank | D85: Variable
A86: Row 1 | B86: Heart Strike | C86: =IF(ISBLANK(Inputs!H88),Inputs!C88,Inputs!H88) -> 1
A87: Row 2 | B87: Marrowrend | C87: =IF(ISBLANK(Inputs!H89),Inputs!C89,Inputs!H89) -> 1 | D87: =IF(ISBLANK(Inputs!I89),Inputs!D89,Inputs!I89) -> 0
B88: Blood Boil | C88: =IF(ISBLANK(Inputs!H90),Inputs!C90,Inputs!H90) -> 1
A89: Row 3 | B89: Vampiric Blood | C89: =IF(ISBLANK(Inputs!H91),Inputs!C91,Inputs!H91) -> 1
B90: Bone Collector | C90: =IF(ISBLANK(Inputs!H92),Inputs!C92,Inputs!H92) -> 1
A91: Row 4 | B91: Ossuary | C91: =IF(ISBLANK(Inputs!H93),Inputs!C93,Inputs!H93) -> 1
B92: Improved Vampiric Blood | C92: =IF(ISBLANK(Inputs!H94),Inputs!C94,Inputs!H94) -> 2
B93: Improved Heart Strike | C93: =IF(ISBLANK(Inputs!H95),Inputs!C95,Inputs!H95) -> 0
B94: Relish in Blood | C94: =IF(ISBLANK(Inputs!H96),Inputs!C96,Inputs!H96) -> 1
A95: Row 5 | B95: Leeching Strike | C95: =IF(ISBLANK(Inputs!H97),Inputs!C97,Inputs!H97) -> 0
B96: Heartbreaker | C96: =IF(ISBLANK(Inputs!H98),Inputs!C98,Inputs!H98) -> 1
B97: Foul Bulwark | C97: =IF(ISBLANK(Inputs!H99),Inputs!C99,Inputs!H99) -> 1 | D97: =IF(ISBLANK(Inputs!I99),Inputs!D99,Inputs!I99) -> 7
B98: Dancing Rune Weapon | C98: =IF(ISBLANK(Inputs!H100),Inputs!C100,Inputs!H100) -> 1
B99: Hemostasis | C99: =IF(ISBLANK(Inputs!H101),Inputs!C101,Inputs!H101) -> 1
B100: Perseverance of the Ebon Blade | C100: =IF(ISBLANK(Inputs!H102),Inputs!C102,Inputs!H102) -> 0 | D100: =IF(ISBLANK(Inputs!I102),Inputs!D102,Inputs!I102) -> 0
B101: Bloodworms | C101: =IF(ISBLANK(Inputs!H103),Inputs!C103,Inputs!H103) -> 0 | D101: =IF(ISBLANK(Inputs!I103),Inputs!D103,Inputs!I103) -> 10
A102: Row 6 | B102: Abomination Limb | C102: =IF(ISBLANK(Inputs!H104),Inputs!C104,Inputs!H104) -> 0
B103: Gorefiend's Grasp | C103: =IF(ISBLANK(Inputs!H105),Inputs!C105,Inputs!H105) -> 1 | D103: =IF(ISBLANK(Inputs!I105),Inputs!D105,Inputs!I105) -> 0
B104: Improved Bone Shield | C104: =IF(ISBLANK(Inputs!H106),Inputs!C106,Inputs!H106) -> 1
...

Sheet +Armor
B2: +Armor Profile
B4: Input Attributes | C4: Character Sheet | D4: Averate Ratings | E4: Diminished Ratings | G4: Attribute Calculations | N4: Damage Taken Breakdown
B5: Armor | C5: =H5*(1+C21*0.05*(1+0.2*C63)) -> 3862 | G5: Base Armor | H5: =Baseline!H5+10 -> 3862 | I5: Modified Armor | J5: =(C5*1.45+((J6*(1+E116)*(1+D157)*1.8)+IF(E28=3,1,0)*1.13*(1-exp(-1*$J$9*12/60))*($J$6*(1+E116)*(1+D157)*0.02*$J$10)))*(1+0.06*C75) -> 12093.314 | K5: Physical Damage Reduction | L5: =(J5 / (J5 + C154)) -> 0.75301472 | N5: Damage Taken Per Second | O5: Unmitigated | P5: Passively Mitigated | Q5: Dancing Rune Weapon Mitigated | R5: Icebound Fortitude Mitigated | S5: Misc Mitigated | T5: Fully Mitigated | U5: Anti-Magic Zone Healing | V5: Anti-Magic Shell Healing | W5: Other Healing | X5: EHRPS
B6: Strength | C6: =(H6+C34*33)*(1+C21*0.05*(1+0.2*C63)) -> 2672 | G6: Base Strength | H6: =Baseline!H6 -> 2672 | I6: Modified Strength | J6: =(C6+E32*252*8/120+E34*50)*(1+B21*1.13*(1-exp(-3*J9*15/60))*0.15*(1+0.2*C63))*(1+0.03*C77*(1-(0.85)^(8*L9)))*(1+0.1*12*(1/S40)*C131*(1-IF(OR(D100=1,AND(C152<4,C131=1)),0,1)*IF(D100=2,1-(1-(0.75)^((5+(H15/2))/H15))/(1+3*(1-(0.75)^((5+(H15/2))/H15))*C82),1)*IF(NOT(OR(OR(D100=1,AND(C152<4,C131=1)),D100=2)),1-(1-(0.75)^((4+(H15/2))/H15)),1)))*(1+0.1*T69*8*IF(C152=1,1,0)) -> 2890.6542 | K6: Raw Parry from Strength | L6: =(J6-622)/19130 -> 0.11859144 | N6: Physical ST Damage | O6: =Baseline!O6 -> 3608042.3 | P6: =(O6-E26*C152/2*C7*0.0003*30)*(1-$L$14)*(1-$L$5)*$L$10*(1-0.01*E32)*(1-0.2/C152*C74)*(1-C51*0.12/C152*1.13*(1-exp(-3*6/60*55/120)))*(1-$C$135*$C$130*$D$130*0.075)*(1-$C$131*E136*10/S40*0.08)*(1-F116)*(1-E157)*(1-IF(C127>1,1)*0.06*E127)*(1-(0.04*10*(1/S40)*C100*(1-IF(OR(D100=1,AND(C152<4,C131=1)),0,1)*IF(D100=2,1-(1-(0.75)^((5+(H15/2))/H15))/(1+3*(1-(0.75)^((5+(H15/2))/H15))*C82),1)*IF(NOT(OR(OR(D100=1,AND(C152<4,C131=1)),D100=2)),1-(1-(0.75)^((4+(H15/2))/H15)),1))))*(1-C120*0.025) -> 427978.06 | Q6: =P6*(1-((1-(1-(T38*(8+C110*4)))*(1-IF(C127>3,1,0)*(1-0.875^(8*(T40+T43+T51+T57+T63)))))*MIN(0.3/(1-$L$14),1))) -> 328452.48 | R6: =Q6*(1-($T$52*8)*(0.3+0.1*$E$139)) -> 319693.75 | S6: =R6*(1-($T$70*8)*0.1)*(1-($T$26*8)*0.1) -> 319693.75 | T6: =S6 -> 319693.75
B7: Stamina | C7: =(H7+C26*99)*(1+C21*0.05*(1+0.2*C63))*1.05*(1+0.2*C55)*(1.4) -> 77197 | G7: Base Stamina | H7: =Baseline!H7 -> 43762.472 | I7: Total Health | J7: =C7*20 -> 1543940 | K7: Modified Health | L7: =(J7+IF(E28=3,1,0)*1.13*(1-exp(-1*$J$9*12/60))*($J$6*1.3*$J$10))*(1+0.01*C97*(D97+2*C104)) -> 1682894.6 | N7: Physical AoE Damage | O7: =Baseline!O7 -> 0 | P7: =O7*$J$13*(1-$L$5)*$L$10*(1-0.01*E32)*(1-C51*0.12/C152*1.13*(1-exp(-3*6/60*55/120)))*(1-$C$135*$C$130*$D$130*0.075)*(1-$C$131*E136*10/S40*0.08)*(1-IF(C127>1,1)*0.06*E127)*(1-(0.04*10*(1/S40)*C100*(1-IF(OR(D100=1,AND(C152<4,C131=1)),0,1)*IF(D100=2,1-(1-(0.75)^((5+(H15/2))/H15))/(1+3*(1-(0.75)^((5+(H15/2))/H15))*C82),1)*IF(NOT(OR(OR(D100=1,AND(C152<4,C131=1)),D100=2)),1-(1-(0.75)^((4+(H15/2))/H15)),1))))*(1-C120*0.025) -> 0 | R7: =P7*(1-($T$52*8)*(0.3+0.1*$E$139)) -> 0 | S7: =R7*(1-($T$70*8)*0.1)*(1-($T$26*8)*0.1) -> 0 | T7: =S7 -> 0
B8: Critical Strike Rating | C8: =Inputs!C10 -> 778.5 | D8: =(C8+225*15/2/120*IF(1<(IF(C8>C9,1,0)+IF(C8>C10,1,0)+IF(C8>C11,1,0)),E27,0))*(1+0.02*C30)/(1+0.02*Baseline!C30) -> 778.5 | E8: =IF(D8<=1380,D8,IF(D8<=1840,1380+0.9*(D8-1380),IF(D8<=2300,1794+0.8*(D8-1840),IF(D8<=2760,2162+0.7*(D8-2300),IF(D8<=3680,2484+0.6*(D8-2760),IF(D8<=9200,3036+0.5*(D8-3680),5796)))))) -> 778.5 | G8: Critical Strike | H8: =E8/4600+0.05+(C28+C32+C35)*0.01+IF(E28=4,1,0)*1.13*(1-exp(-1*$J$9*12/60))*0.04 -> 0.21923913 | I8: Critical Strike Multiplier | J8: =1+H8*(1+2*0.02*(C26+C31)) -> 1.2192391 | K8: Raw Parry from Critical Strike | L8: =E8/5200/(1+0.02*C30) -> 0.14971154 | N8: Magical ST Damage | O8: =Baseline!O8 -> 112528.84 | P8: =O8*$L$10*(1-C51*0.12/C152*1.13*(1-exp(-3*6/60*55/120)))*(1-$C$135*$C$130*$D$130*0.075)*(1-0.08*$C$80)*(1-IF(C127>1,1)*0.06*E127)*(1-(0.04*10*(1/S40)*C100*(1-IF(OR(D100=1,AND(C152<4,C131=1)),0,1)*IF(D100=2,1-(1-(0.75)^((5+(H15/2))/H15))/(1+3*(1-(0.75)^((5+(H15/2))/H15))*C82),1)*IF(NOT(OR(OR(D100=1,AND(C152<4,C131=1)),D100=2)),1-(1-(0.75)^((4+(H15/2))/H15)),1))))*(1-C120*0.025) -> 82191.781 | R8: =P8*(1-($T$52*8)*(0.3+0.1*$E$139)) -> 80000 | S8: =R8*(1-($T$26*8)*0.1) -> 80000 | T8: =S8 -> 80000 | U8: =T8*(T20*(6+2*C67))*0.15 -> 0 | V8: =IF(T8-U8-$T$19*(($L$7*0.3*$J$10*(1+0.4*$C$68)*(1+0.15*$C$46)))>0,$T$19*($L$7*0.3*$J$10*(1+0.4*$C$68)*(1+0.15*$C$46)),T8-U8) -> 11765.668
B9: Haste Rating | C9: =Inputs!C11 -> 1053.5 | D9: =(C9+225*15/2/120*IF(1<(IF(C9>C8,1,0)+IF(C9>C10,1,0)+IF(C9>C11,1,0)),E27,0))*(1+0.02*C30)/(1+0.02*Baseline!C30) -> 1053.5 | E9: =IF(D9<=1320,D9,IF(D9<=1760,1320+0.9*(D9-1320),IF(D9<=2200,1716+0.8*(D9-1760),IF(D9<=2640,2068+0.7*(D9-2200),IF(D9<=3520,2376+0.6*(D9-2640),IF(D9<=8800,2904+0.5*(D9-3520),5544)))))) -> 1053.5 | G9: Haste | H9: =(1+(C29+C33)*0.01)*E9/4400+(C29+C33)*0.01 -> 0.23943182 | I9: Haste Multiplier | J9: =(1+H9)*(1+C27*0.15/18)*(1+0.1*C104)*(1+0.02*C49)*(1+0.01*K134) -> 1.5245749 | K9: Rune Regeneration | L9: =3/10*J9 -> 0.45737248 | N9: Magical AoE Damage | O9: =Baseline!O9 -> 0 | P9: =O9*$J$13*$L$10*(1-C51*0.12/C152*1.13*(1-exp(-3*6/60*55/120)))*(1-$C$135*$C$130*$D$130*0.075)*(1-0.08*$C$80)*(1-IF(C127>1,1)*0.06*E127)*(1-(0.04*10*(1/S40)*C100*(1-IF(OR(D100=1,AND(C152<4,C131=1)),0,1)*IF(D100=2,1-(1-(0.75)^((5+(H15/2))/H15))/(1+3*(1-(0.75)^((5+(H15/2))/H15))*C82),1)*IF(NOT(OR(OR(D100=1,AND(C152<4,C131=1)),D100=2)),1-(1-(0.75)^((4+(H15/2))/H15)),1))))*(1-C120*0.025) -> 0 | R9: =P9*(1-($T$52*8)*(0.3+0.1*$E$139)) -> 0 | S9: =R9*(1-($T$26*8)*0.1) -> 0 | T9: =S9 -> 0 | U9: =T8*(T20*(6+2*C67))*0.15 -> 0 | V9: =IF(T8+T9-U8-U9-V8>0,MIN($T$19*($L$7*0.3*$J$10*(1+0.4*$C$68)*(1+0.15*$C$46))-V8,T8+T9-U8-U9-V8),0) -> 0
B10: Versatility Rating | C10: =Inputs!C12 -> 1514.5 | D10: =(C10+65*E24+225*15/2/120*IF(1<(IF(C10>C8,1,0)+IF(C10>C9,0)+IF(C10>C11,1,0)),E27,0))*(1+0.02*C30)/(1+0.02*Baseline!C30) -> 1514.5 | E10: =IF(D10<=1620,D10,IF(D10<=2160,1622+0.9*(D10-1620),IF(D10<=2700,2106+0.8*(D10-2160),IF(D10<=3240,2538+0.7*(D10-2700),IF(D10<=4320,2916+0.6*(D10-3240),IF(D10<=10800,3564+0.5*(D10-4320),6804)))))) -> 1514.5 | G10: Versatility | H10: =E10/5400+(E26+E33)*0.01 -> 0.28046296 | I10: Damage/Healing Multiplier | J10: =1+H10 -> 1.280463 | K10: Damage Taken Multiplier | L10: =1-H10/2 -> 0.85976852 | N10: Total | O10: =SUM(O6:O9) -> 3720571.1 | P10: =SUM(P6:P9) -> 510169.84 | Q10: =SUM(Q6:Q9) -> 328452.48 | R10: =SUM(R6:R9) -> 399693.75 | S10: =SUM(S6:S9) -> 399693.75 | T10: =SUM(T6:T9) -> 399693.75 | U10: =SUM(U6:U9) -> 0 | V10: =sum(V6:V9) -> 11765.668 | W10: =(Y77+C27*0.0011*L7*(1-C144)) -> 384252.45 | X10: =(MAX((T10-U10-V10-W10),0)*(1-$T$76*(10+2*C92))+MAX((T10-U10-V10-W10*(1.3+0.05*C92)),0)*($T$76*(10+2*C92))/(1.3+0.05*C92))/IF(D100=2,(1+0.06*(1-T40*(1-(0.75)^((5+(H15/2))/H15))/(1+3*(1-(0.75)^((5+(H15/2))/H15))*C82)/(1-(0.75)^((5+(H15/2))/H15)))),(1+0.02*C49)) -> 1219.2749
B11: Mastery Rating | C11: =Inputs!C13 -> 479.5 | D11: =(C11+225*15/2/120*IF(1<(IF(C11>C8,1,0)+IF(C11>C10,1,0)+IF(C11>C9,1,0)),E27,0))*(1+0.02*C30)/(1+0.02*Baseline!C30) -> 479.5 | E11: =IF(D11<=1380,D11,IF(D11<=1840,1380+0.9*(D11-1380),IF(D11<=2300,1794+0.8*(D11-1840),IF(D11<=2760,2162+0.7*(D11-2300),IF(D11<=3680,2484+0.6*(D11-2760),IF(D11<=9200,3036+0.5*(D11-3680),5796)))))) -> 479.5 | G11: Mastery | H11: =0.16+E11/2300+0.002*(C131*K134) -> 0.38352364 | I11: Blood Shield Multiplier | J11: =H11 -> 0.38352364 | K11: Attack Power Multiplier | L11: =1+H11/2 -> 1.1917618
B12: Leech Rating | C12: =Inputs!C14 -> 0 | D12: =C12 -> 0 | E12: =IF(D12<=690,D12,IF(D12<=1035,690+0.8*(D12-690),IF(D12<=1380,966+0.6*(D12-1035),1173+0.4*(D12-1380)))) -> 0 | G12: Leech | H12: =E12/6900+C71*0.03+C131*E138*0.02 -> 0.03 | I12: Leech Healing Multiplier | J12: =H12 -> 0.03 | K12: Modified Leech Multiplier | L12: =J12+C111*0.15*MIN(8*T42,1)+0.06*(10+2*$C$72)*T54*(1+C131*E138) -> 0.185
B13: Avoidance Rating | C13: =Inputs!C15 -> 0 | D13: =C13 -> 0 | E13: =IF(D13<=368,D13,IF(D13<=552,368+0.8*(D13-368),IF(D13<=736,515.2+0.6*(D13-552),625.6+0.4*(D13-736)))) -> 0 | G13: Avoidance | H13: =E13/3680+C70*0.03 -> 0 | I13: AoE Damage Taken Multiplier | J13: =1-H13 -> 1 | K13: Total Parry Chance | L13: =622/19130+0.03+(L6+L8)/((L6+L8)*1+1/0.94)+0.05*8*T28 -> 0.26392296 | N13: Performance Measures
B14: Base Weapon DPS | C14: =Inputs!C16 -> 151.4 | G14: Dodge | H14: =0.03+0.02*C32 -> 0.03 | I14: Misc. Damage Done Multiplier | J14: =(1+E30*0.05*(1.13*(1-exp(-1*J9*15/60))))*(1+C57*0.06*(1-0.85^(5/(3/((1/(1-0.15*C107))*(1+C130))))))*(1+C117*0.05)*IF(D100=2,(1+0.06*C119*(1-T40*(1-(0.75)^((5+(H15/2))/H15))/(1+3*(1-(0.75)^((5+(H15/2))/H15))*C82)/(1-(0.75)^((5+(H15/2))/H15)))),(1+0.06*(14-5*C131*E137)*C119*(1/S40)))*(1+IF(C127>2,2,IF(C127=2,1,0))*0.03*E127) -> 1.1873319 | K14: Attack Avoidance Chance | L14: =MAX(L13-0.015*(C153-90),0)+MAX(H14-0.015*(C153-90),0)+MAX(0.03-0.015*(C153-90),0) -> 0.32392296 | N14: Mitigation Factor | O14: Overall DPS | P14: Priority DPS | Q14: Reliable EHP | R14: Reliable and Controllable EHP | S14: Unreliable EHP
B15: Base Weapon Speed | C15: =Inputs!C17 -> 3.6 | G15: Ave. Weapon Speed | H15: =C15/(J9*(1+0.06*(3+1.5*C130*C136)*C59*D59))/((195.5+21.9*C152-0.673*C152^2)/195.5) -> 1.3785993 | I15: Misc. Healing Done Multiplier | J15: =(1+E30*0.05*(1.13*(1-exp(-1*J9*15/60))))*IF(D100=2,(1+0.06*C119*(1-T40*(1-(0.75)^((5+(H15/2))/H15))/(1+3*(1-(0.75)^((5+(H15/2))/H15))*C82)/(1-(0.75)^((5+(H15/2))/H15)))),(1+0.02*C49))*(1+C73*0.15*(5+2*C68)*(1/S19*C149*(1-C150)))*(1+0.01*E31) -> 1.04 | K15: Bone Shield Consumption | L15: =IF(C127=4,1/(2.5+(2/(1-(L14+0.3*(0.151+0.367*(J8)-0.0791*(J8)^2+0.0086*(J8)^3)))-1+IF(C152=1,0.5,0))/C152),1/(2.5+(2/(1-(L14+0.3*T38*(8+C110*4)))-1+IF(C152=1,0.5,0))/C152)) -> 0.32692409 | N15: =IF(X10=0,"Self-Sufficient (+"&Round(-((T10-U10-V10-W10)*(1-$T$76*(10+2*C92))+(T10-U10-V10-W10*(1.3+0.05*C92))*($T$76*(10+2*C92)))/O10%,2)&"%)",($O$10-$X$10)/$O$10) -> 0.99967229 | O15: =V77 -> 324430.93 | P15: =W77 -> 112067.47 | Q15: =$L$7/(1-(1-(1-$L$5)*(1-$C$131*E136*10/S40*0.08))*(($T$6/(1-$L$14)/(1-((1-(1-(T38*(8+C110*4)))*(1-IF(C127>3,1,0)*8*0.125*(T40+T43+T51+T57+T63)))*MIN(0.3/(1-$L$14),1)))+$T$7)/(1-$L$5))/((($T$6/(1-$L$14)/(1-((1-(1-(T38*(8+C110*4)))*(1-IF(C127>3,1,0)*8*0.125*(T40+T43+T51+T57+T63)))*MIN(0.3/(1-$L$14),1)))+$T$7)/(1-$L$5))+$T$8+$T$9))/$L$10*(0.7+0.3/(1-0.15*C79-0.05*IF(C79>0,1,0)))/(1-$C$135*$C$130*$D$130*0.075)/(1-(0.08*$C$80)*(1-(($T$6/(1-$L$14)/(1-((1-(1-(T38*(8+C110*4)))*(1-IF(C127>3,1,0)*8*0.125*(T40+T43+T51+T57+T63)))*MIN(0.3/(1-$L$14),1)))+$T$7)/(1-$L$5))/((($T$6/(1-$L$14)/(1-((1-(1-(T38*(8+C110*4)))*(1-IF(C127>3,1,0)*8*0.125*(T40+T43+T51+T57+T63)))*MIN(0.3/(1-$L$14),1)))+$T$7)/(1-$L$5))+$T$8+$T$9)))/(1-(0.05*C131*E136)*((($T$6/(1-$L$14)/(1-((1-(1-(T38*(8+C110*4)))*(1-IF(C127>3,1,0)*8*0.125*(T40+T43+T51+T57+T63)))*MIN(0.3/(1-$L$14),1)))+$T$7)/(1-$L$5))/((($T$6/(1-$L$14)/(1-((1-(1-(T38*(8+C110*4)))*(1-IF(C127>3,1,0)*8*0.125*(T40+T43+T51+T57+T63)))*MIN(0.3/(1-$L$14),1)))+$T$7)/(1-$L$5))+$T$8+$T$9))) -> 9377307.1 | R15: =$L$7/(1-(1-(1-$L$5)*(1-$C$131*E136*10/S40*0.08))*(($T$6/(1-$L$14)/(1-((1-(1-(T38*(8+C110*4)))*(1-IF(C127>3,1,0)*8*0.125*(T40+T43+T51+T57+T63)))*MIN(0.3/(1-$L$14),1)))+$T$7)/(1-$L$5))/((($T$6/(1-$L$14)/(1-((1-(1-(T38*(8+C110*4)))*(1-IF(C127>3,1,0)*8*0.125*(T40+T43+T51+T57+T63)))*MIN(0.3/(1-$L$14),1)))+$T$7)/(1-$L$5))+$T$8+$T$9))/$L$10*(0.7+0.3/(1-0.15*C79-0.05*IF(C79>0,1,0)))/(T10/(Q10+P7+P8+P9))*(1+$T$76*(10+2*C92)*0.3)/(1-$C$135*$C$130*$D$130*0.075)/(1-(0.08*$C$80)*(1-(($T$6/(1-$L$14)/(1-((1-(1-(T38*(8+C110*4)))*(1-IF(C127>3,1,0)*8*0.125*(T40+T43+T51+T57+T63)))*MIN(0.3/(1-$L$14),1)))+$T$7)/(1-$L$5))/((($T$6/(1-$L$14)/(1-((1-(1-(T38*(8+C110*4)))*(1-IF(C127>3,1,0)*8*0.125*(T40+T43+T51+T57+T63)))*MIN(0.3/(1-$L$14),1)))+$T$7)/(1-$L$5))+$T$8+$T$9)))/(1-(0.05*C131*E136)*((($T$6/(1-$L$14)/(1-((1-(1-(T38*(8+C110*4)))*(1-IF(C127>3,1,0)*8*0.125*(T40+T43+T51+T57+T63)))*MIN(0.3/(1-$L$14),1)))+$T$7)/(1-$L$5))/((($T$6/(1-$L$14)/(1-((1-(1-(T38*(8+C110*4)))*(1-IF(C127>3,1,0)*8*0.125*(T40+T43+T51+T57+T63)))*MIN(0.3/(1-$L$14),1)))+$T$7)/(1-$L$5))+$T$8+$T$9))) -> 11527380 | S15: =$L$7*O10/T10*(0.7+0.3/(1-0.15*C79-0.05*IF(C79>0,1,0)))*(1+($T$76*(10+2*C92))*0.3) -> 21771424
B17: Runeforging | G17: Abilities | H17: Attack Power Multiplier | I17: Specialization Multiplier | J17: Base/Tooltip Damage | K17: Overall Damage Per Cast | L17: Priority Damage Per Cast | M17: Average Healing Per Cast | N17: Runes Per Cast | O17: Runic Power Per Cast | P17: Bone Shield Per Cast | Q17: Cast Time | R17: Base Cooldown | S17: Effective Cooldown | T17: Casts Per Second | U17: Time Utilization | V17: Overall DPS | W17: Priority DPS | X17: HPS | Y17: EHPS | Z17: Runes Per Second | AA17: Runic Power Per Second | AB17: Bone Shield Per Second
B18: Razorice | C18: Sanguination | D18: Spellwarding | E18: Apocalypse | G18: Abomination Limb | Q18: =1.5/$J$9 -> 0.9838808 | R18: 120 | S18: =R18+$C$151 -> 120.8 | T18: =1/S18*C102*D102 -> 0 | U18: =T18*Q18 -> 0
B19: =Inputs!B21 | C19: =Inputs!C21 -> 1 | G19: Anti-Magic Shell | O19: =AA19/T19 -> 58.261065 | R19: 60 | S19: =(R19-20*C68+20*C81) -> 40 | T19: =1/S19*C149*C150 -> 0.01 | AA19: =T19*$J$10*(1+0.4*$C$68)*(1+0.15*$C$46)*25 -> 0.58261065
B20: Fallen Crusader | C20: Stoneskin Gargoyle | D20: Unending Thirst | G20: Anti-Magic Zone | Q20: =1.5/$J$9 -> 0.9838808 | R20: 240 | S20: =240-60*C67 -> 180 | T20: =1/S20*C61*D61 -> 0 | U20: =T20*Q20 -> 0
B21: =Inputs!B23 | C21: =Inputs!C23 | G21: Arcane Pulse | H21: 1.5 | J21: =($J$6*(1+$E$116)*(1+$D$157)+$C$14*6)*H21*$J$10*$L$11*(1+0.01*E25) -> 9466.3379 | K21: =J21*$J$8*$C$152*$J$14*(1+0.08*C120*D120) -> 70711.938 | L21: =K21/$C$152 -> 14142.388 | M21: =K21*$L$12 -> 13081.709 | Q21: =1.5/$J$9 -> 0.9838808 | R21: 180 | S21: =R21+$C$151 -> 180.8 | T21: =1/S21*E25 -> 0 | U21: =T21*Q21 -> 0 | V21: =T21*K21 -> 0 | W21: =T21*L21 -> 0 | X21: =T21*M21 -> 0 | Y21: =X21*(1-$C$144) -> 0
G22: Arcane Torrent | O22: =20 -> 20 | Q22: =1.5/$J$9 -> 0.9838808 | R22: 120 | S22: =R22+$C$151 -> 120.8 | T22: =1/S22*C28 -> 0 | U22: =T22*Q22 -> 0 | AA22: =T22*O22 -> 0
B23: Race | G23: Auto-Attack | H23: =5*C15/12*1.25*1.2 -> 2.25 | J23: =($J$6*(1+$E$116)*(1+$D$157)+169*15/120*$C$24+$C$14*6)*H23*$J$10*$L$11 -> 14199.507 | K23: =J23*$J$8*0.7*$J$14*(1+0.08*C120*D120) -> 14849.507 | L23: =K23 -> 14849.507 | M23: =K23*$L$12 -> 2747.1588 | R23: =C15 -> 3.6 | S23: =H15 -> 1.3785993 | T23: =1/S23 -> 0.72537393 | V23: =T23*K23 -> 10771.445 | W23: =T23*L23 -> 10771.445 | X23: =T23*M23 -> 1992.7174 | Y23: =X23*(1-$C$144) -> 1594.1739
B24: Orc | C24: =Inputs!C26 -> 0 | D24: Pandaren | E24: =Inputs!E26 -> 0 | G24: Blood Beasts | H24: =0.1115*1.4/6*1.36*1.075*15 -> 0.5705455 | I24: 1.15 | J24: =($J$6*(1+$E$116)*(1+$D$157)+169*15/120*$C$24+$C$14*6)*H24*$J$10*$L$11*I24*(1+0.01*C24) -> 4140.7486 | K24: =(J24*$J$8*INT($J$9*10/1+1)*0.7*$J$14+J24*7.875*1.25*$J$8*$C$152/SQRT(MAX(1,$C$152/8))*$J$14)*(1+0.15*$C$152/SQRT(MAX(1,$C$152/8))*(1+$C$131*0.05*MIN(1,5/$C$152))*J10) -> 727368.01 | L24: =(J24*$J$8*INT($J$9*10/1+1)*0.7*$J$14+J24*7.875*1.25*$J$8/SQRT(MAX(1,$C$152/8))*$J$14)+(K24/(1+0.15*$C$152/SQRT(MAX(1,$C$152/8))*(1+$C$131*0.05*MIN(1,5/$C$152))*J10))*(0.15*1/SQRT(MAX(1,$C$152/8))*(1+$C$131*0.05)*J10) -> 199182.71 | M24: =K24/((1+$C$131*0.05*MIN(1,5/$C$152)))/$C$152 -> 138546.29 | S24: =S38 -> 90.8 | T24: =1/S24*C131 -> 0.011013216 | V24: =T24*K24 -> 8010.6609 | W24: =T24*L24 -> 2193.6421 | X24: =T24*M24 -> 1525.8402 | Y24: =X24*(1-$C$144) -> 1220.6721
B25: Undead | C25: =Inputs!C27 -> 0 | D25: Nightborne | E25: =Inputs!E27 -> 0 | G25: Blood Boil | H25: =1.4256*1.15 -> 1.63944 | I25: 1.15 | J25: =($J$6*(1+$E$116)*(1+$D$157)+169*15/120*$C$24+$C$14*6)*H25*$J$10*$L$11*I25*(1+0.01*$E$25)*(1+0.3*C130) -> 11898.278 | K25: =J25*$J$8*$C$152*$J$14*(1+C130*0.15*$B$19*(1+0.2*$C$63))*(1+$C$131*0.05*MIN(1,5/$C$152))*$H$135*(1+0.08*C120*D120) -> 93322.024 | L25: =K25/$C$152 -> 18664.405 | M25: =K25*$L$12 -> 17264.574 | Q25: =1.5/$J$9 -> 0.9838808 | R25: 7.5 | S25: =1/((1/(R25/J9))+(C113/((R25/J9)/((1/(1-0.15*C107))/3*(1+C130)*(1-(1-H8)^C152)*0.25)))) -> 4.919404 | T25: =MIN(1/S25,MAX((1-SUM(U19:U23,U29:U41,U43:U50,U52:U76)-($L$9+SUM(Z19:Z50,Z52:Z76))*Q51/(-N51)+(SUM(AA19:AA24,AA26:AA41,AA43:AA50,AA52:AA76)+(($L$9+SUM(Z19:Z50)+SUM(Z52:Z76))*O51/(-N51)))/O42*Q42)/Q25*(-O42/(O25-O42)),(1+C130)/24-T47*C130*0.5)) -> 0.041666667 | U25: =T25*Q25 -> 0.040995033 | V25: =(T25+C108*T51*(1-(1-0.15)*(1-0.15*MAX(4,C152-1)))*1.5)*K25 -> 40872.216 | W25: =(T25+C108*T51*(1-(1-0.15)*(1-0.15*MAX(4,C152-1)))*1.5)*L25 -> 8174.4432 | X25: =(T25+C108*T51*0.15*1.5)*M25 -> 2274.3579 | Y25: =X25*(1-$C$144) -> 1819.4863
B26: Tauren | C26: =Inputs!C28 -> 0 | D26: Highmountain | E26: =Inputs!E28 -> 0 | G26: Blood Draw | H26: 1.2 | I26: 1.15 | J26: =($J$6*(1+$E$116)*(1+$D$157)+169*15/120*$C$24+$C$14*6)*H26*$J$10*$L$11*I26*(1+0.01*$E$25) -> 8709.0308 | K26: =J26*$J$8*$C$152*$J$14*(1+$C$131*0.05*MIN(1,5/$C$152))*(1+0.08*C120*D120) -> 68307.732 | L26: =K26/$C$152 -> 13661.546 | M26: =K26*(1+$L$12)*1.25 -> 101180.83 | R26: 120 | S26: 120 | T26: =1/S26*C76 -> 0 | V26: =T26*K26 -> 0 | W26: =T26*L26 -> 0 | X26: =T26*M26 -> 0 | Y26: =X26*(1-$C$144) -> 0
B27: Troll | C27: =Inputs!C29 -> 0 | D27: Mag'har | E27: =Inputs!E29 -> 0 | G27: Blood Feast | M27: =V10/T19 -> 1176566.8 | T27: =T19*C112 -> 0 | X27: =T27*M27 -> 0 | Y27: =X27*(1-$C$144) -> 0
B28: Blood Elf | C28: =Inputs!C30 -> 0 | D28: Zandalari | E28: =Inputs!E30 -> 0 | G28: Blood Mist | H28: 0.64 | I28: 1.15 | J28: =($J$6*(1+$E$116)*(1+$D$157)+169*15/120*$C$24+$C$14*6)*H28*$J$10*$L$11*I28*(1+0.01*E25) -> 4644.8164 | K28: =J28*$J$8*$C$152/SQRT(MAX(1,$C$152/8))*$J$14*9*(1+0.08*C120*D120)*(1+$C$131*0.05*MIN(1,5/$C$152)) -> 327877.12 | L28: =K28/$C$152 -> 65575.423 | M28: =K28*$L$12 -> 60657.266 | O28: =MIN(C152,5)*2*9 -> 90 | T28: =T38*C118 -> 0 | V28: =T28*K28 -> 0 | W28: =T28*L28 -> 0 | X28: =T28*M28 -> 0 | Y28: =X28*(1-$C$144) -> 0 | AA28: =T28*O28 -> 0
B29: Goblin | C29: =Inputs!C31 -> 0 | D29: Vulpera | E29: =Inputs!E31 -> 0 | G29: Blood Plague | H29: =0.3348*24/3*(1/(1-0.15*C107)) -> 3.1510588 | I29: 1.15 | J29: =($J$6*(1+$E$116)*(1+$D$157)+169*15/120*$C$24+$C$14*6)*H29*$J$10*$L$11*I29*(1+0.01*E25) -> 22868.89 | K29: =J29*$J$8*$C$152*$J$14*(1+0.4*C117*D117)*(1+$C$131*0.05*MIN(1,5/$C$152))*(1+0.08*C120*D120)*(1+0.15*C131)/(1+0.05*C117) -> 259314.98 | L29: =K29/$C$152 -> 51862.996 | M29: =K29*(1+0.85*$C$107+$L$12)*1.25 -> 659632.48 | V29: =K29/24*(1+C130) -> 10804.791 | W29: =L29/24*(1+C130) -> 2160.9582 | X29: =M29/24*(1+C130) -> 27484.687 | Y29: =X29*(1-$C$144) -> 21987.749
B30: Human | C30: =Inputs!C32 -> 0 | D30: Void Elf | E30: =Inputs!E32 -> 0 | G30: Blood Shield | M30: =MIN(J11*(MAX(5*0.2*T10*(1+0.05*C111),7/100*L7)*(1+0.15*C42))*$J$10*(1+0.15*C46)*(1+0.2*C115),(0.5+0.15*C114)*L7*MAX(1,T42/0.2)/(1+($T$76*(10+2*C92))*(0.3+0.05*C92))) -> 369741.54 | T30: =T42 -> 0.40134944 | X30: =MIN(T30,0.2)*M30 -> 73948.308 | Y30: =X30 -> 73948.308
B31: Dwarf | C31: =Inputs!C33 -> 0 | D31: Lightforged Draenei | E31: =Inputs!E33 -> 0 | G31: Bloody Demise | H31: 9 | J31: =($J$6*(1+$E$116)*(1+$D$157)+169*15/120*$C$24+$C$14*6)*H31*$J$10*$L$11*(1+0.01*E25) -> 56798.027 | K31: =J31*$J$8*(2*$C$152/3+1/3)*(1+$C$131*0.05*MIN(1,5.5/($C$152+0.5)))*$H$135 -> 266613.95 | L31: =K31/(2*$C$152/3+1/3) -> 72712.896 | M31: =K31*$L$12 -> 49323.581 | T31: =T42/10*C158 -> 0.040134944 | V31: =T31*K31 -> 10700.536 | W31: =T31*L31 -> 2918.328 | X31: =T31*M31 -> 1979.5992 | Y31: =X31 -> 1979.5992
B32: Night Elf | C32: =Inputs!C34 -> 0 | D32: Dark Iron Dwarf | E32: =Inputs!E34 -> 0 | G32: Bloodworms | H32: =0.235*1.4/6*1.075 -> 0.058945833 | I32: 1 | J32: =($J$6*(1+$E$116)*(1+$D$157)+169*15/120*$C$24+$C$14*6)*H32*$J$10*$L$11*I32*(1+0.01*C24) -> 372.00078 | K32: =J32*$J$8*INT($J$9*D101/1.4+1)*0.7*$J$14 -> 4146.6332 | L32: =K32 -> 4146.6332 | M32: =L7*0.5*0.15 -> 126217.1 | R32: =60/5 -> 12 | S32: =R32/1.13 -> 10.619469 | T32: =1/S32*C101 -> 0 | V32: =T32*K32 -> 0 | W32: =T32*L32 -> 0 | X32: =T32*M32 -> 0 | Y32: =X32 -> 0
B33: Gnome | C33: =Inputs!C35 -> 0 | D33: Kul Tiran | E33: =Inputs!E35 -> 0 | G33: Bloody Reflection | H33: 1.1 | I33: 1.15 | J33: =($J$6*(1+$E$116)*(1+$D$157)+169*15/120*$C$24+$C$14*6)*H33*$J$10*$L$11*I33*(1+0.01*$E$25) -> 7983.2783 | K33: =J33*$J$8*$J$14*(1+$C$131*0.05*MIN(1,5/$C$152))*$H$135*(1+0.08*C127) -> 16017.898 | L33: =K33/C$152 -> 3203.5797 | M33: =K33*$L$12 -> 2963.3112 | R33: 0.5 | S33: =1/T42 -> 2.4915944 | T33: =1/S33*C114 -> 0 | V33: =T33*K33 -> 0 | W33: =T33*L33 -> 0 | X33: =T33*M33 -> 0 | Y33: =X33 -> 0
B34: Draenei | C34: =Inputs!C36 -> 0 | D34: Mechagnome | E34: =Inputs!E36 -> 0 | G34: Brush it Off | X34: =T10*0.02*E33 -> 0 | Y34: =X34*(1-$C$144) -> 0
B35: Worgen | C35: =Inputs!C37 -> 0 | E35: =Inputs!E37 | G35: Consumption | H35: =4.8084*1.3 -> 6.25092 | I35: 1.15 | J35: =($J$6*(1+$E$116)*(1+$D$157)+169*15/120*$C$24+$C$14*6)*H35*$J$10*$L$11*I35*(1+0.01*$E$25) -> 45366.213 | K35: =J35*$J$8*$C$152/SQRT(MAX(1,$C$152/8))*$J$14*(1+$C$131*0.05*MIN(1,5/$C$152))*(1+0.08*C120*D120)+24/(1+C130)*V29*D121*0.25*(1+0.08*C120*D120) -> 422725.07 | L35: =K35/$C$152 -> 84545.015 | M35: =K35*$L$12+24/(1+C130)*V29*D121*0.25*(1+0.08*C120*D120)*(1+0.5*$C$107+$L$12)*1.25+K35*C125*1.5*J11*J10*(1+0.15*C46)*(1+0.2*C115)/(1-$C$144) -> 219119.14 | Q35: =(1+0.5*D121)/$J$9 -> 0.9838808 | R35: 45 | S35: =(R35/(1+$C$125*22.5*1.1/60*1.13*$J$9))+$C$151 -> 45.8 | T35: =1/S35*C121 -> 0 | U35: =T35*Q35 -> 0 | V35: =T35*K35 -> 0 | W35: =T35*L35 -> 0 | X35: =T35*M35 -> 0 | Y35: =X35*(1-$C$144) -> 0
G36: Corrosive Vial | H36: 2.52 | J36: =($J$6*(1+$E$116)*(1+$D$157)+$C$14*6)*H36*$J$10*$L$11 -> 15903.448 | K36: =J36*$J$8*$J$14*(1+0.08*C120*D120) -> 23759.211 | L36: =K36 -> 23759.211 | Q36: =1.5/$J$9 -> 0.9838808 | R36: 90 | S36: =R36+$C$151 -> 90.8 | T36: =1/S36*IF($E$29=1,1,0) -> 0 | U36: =T36*Q36 -> 0 | V36: =T36*K36 -> 0 | W36: =T36*L36 -> 0 | X36: =T36*M36 -> 0 | Y36: =X36*(1-$C$144) -> 0
B37: Death Knight Talents | C37: Rank | D37: Variable | G37: Dance of Midnight (Runes) | N37: 1 | T37: =F127 -> 0.14029744 | Z37: =T37*N37 -> 0.14029744
A38: Row 1 | B38: Icebound Fortitude | C38: =Inputs!C40 -> 1 | G38: Dancing Rune Weapon | I38: 1 | K38: =(SUM(V25,V42*(1+0.08*C120*D120)/(1+0.08*C120)/(1+0.6*C19*(1+0.2*C63))*MAX(1,MIN(1+C106*0.75*(C152-1),1+C106*1.5))/MAX((1+0.2*C63*C19),MIN((1+0.2*C63*C19)+C106*0.75*(C152-1),(1+0.2*C63*C19)+C106*1.5)),V43,IF(C131=1,0,V51),V57,IF(C131=1,V74*T51/T74,V74))*(8+4*C110)+INT((8+4*C110+H15/2)/H15)*V23+V29*(24/(1+C130)+(IF((8+4*C110)*T25-1>0,MIN((8+4*C110)*T25-1,1),0))*(8+4*C110)/2+(IF((8+4*C110)*T25-2>0,MIN((8+4*C110)*T25-2,1),0))*(8+4*C110)/6))*0.33*(1+0.01*$C$24)*(1+C110)*I38*(1+$C$131*0.05)*(1+C131*T51*8*0.2*(8+4*C110-4)/(8+4*C110))/(1+0.08*C120*D120)*(1+IF(C127>2,2,IF(C127=2,1,0))*0.03*E127) -> 2066007.8 | L38: =(SUM(W25,W42*(1+0.08*C120*D120)/(1+0.08*C120)/(1+0.6*C19*(1+0.2*C63))/(1+0.2*C63*C19),W43,IF(C131=1,0,W51),W57,IF(C131=1,W74*T51/T74,W74))*(8+4*C110)+INT((8+4*C110+H15/2)/H15)*W23+W29*(24/(1+C130)+(IF((8+4*C110)*T25-1>0,MIN((8+4*C110)*T25-1,1),0))*(8+4*C110)/2+(IF((8+4*C110)*T25-2>0,MIN((8+4*C110)*T25-2,1),0))*(8+4*C110)/6))*0.33*(1+0.01*$C$24)*(1+C110)*I38*(1+$C$131*0.05)*(1+C131*T51*8*0.2*(8+4*C110-4)/(8+4*C110))/(1+0.08*C120*D120)*(1+IF(C127>2,2,IF(C127=2,1,0))*0.03*E127) -> 641712.82 | P38: =D105*C105 -> 5 | Q38: =1.5/$J$9 -> 0.9838808 | R38: 120 | S38: =120-30*C105+$C$151 -> 90.8 | T38: =1/S38*C98*C149 -> 0.011013216 | U38: =T38*Q38 -> 0.010835692 | V38: =T38*K38 -> 22753.39 | W38: =T38*L38 -> 7067.3218 | AB38: =P38*T38 -> 0.055066079
B39: Death Strike | C39: =Inputs!C41 -> 1 | G39: Dancing Rune Weapon (DoM) | I39: 1 | K39: =(SUM(V25,V42*(1+0.08*C120*D120)/(1+0.08*C120)/(1+0.6*C19*(1+0.2*C63))*MAX(1,MIN(1+C106*0.75*(C152-1),1+C106*1.5))/MAX((1+0.2*C63*C19),MIN((1+0.2*C63*C19)+C106*0.75*(C152-1),(1+0.2*C63*C19)+C106*1.5)),V43,IF(C131=1,V51/(T51-T74)*(1-T38*(8+C110*4))*(T51-(0.35+0.05*14/S40*E136+E140*0.35*0.15)*T42),V51),V57,IF(C131=1,V74/T74*((1-T38*(8+C110*4))*((0.35+0.05*14/S40*E136+E140*0.35*0.15)*T42)+(T38*(8+C110*4))*T51),V74))*(6)+INT((6+H15/2)/H15)*V23+V29*(24/(1+C130)*(MIN(T25*6,1)+IF(T25*6>1,(T25*6-1)*3,0))))*0.33*(1+0.01*$C$24)*(1)*I38*(1+$C$131*0.05)*(1+C131*T51*8*0.2*(2)/(6))/(1+0.08*C120*D120)*(1+IF(C127>2,2,IF(C127=2,1,0))*0.03*E127) -> 452787.64 | L39: =(SUM(W25,W42*(1+0.08*C120*D120)/(1+0.08*C120)/(1+0.6*C19*(1+0.2*C63))/(1+0.2*C63*C19),W43,IF(C131=1,W51/(T51-T74)*(1-T38*(8+C110*4))*(T51-(0.35+0.05*14/S40*E136+E140*0.35*0.15)*T42),W51),W57,IF(C131=1,V74/T74*((1-T38*(8+C110*4))*((0.35+0.05*14/S40*E136+E140*0.35*0.15)*T42)+(T38*(8+C110*4))*T51),W74))*(6)+INT((6+H15/2)/H15)*W23+W29*(24/(1+C130)*(MIN(T25*6,1)+IF(T25*6>1,(T25*6-1)*3,0))))*0.33*(1+0.01*$C$24)*(1)*I38*(1+$C$131*0.05)*(1+C131*T51*8*0.2*(2)/(6))/(1+0.08*C120*D120)*(1+IF(C127>2,2,IF(C127=2,1,0))*0.03*E127) -> 179503.26 | S39: =IF(OR(D100=1,AND(C152<4,C131=1)),MAX((10-5*C131*E137+H15*3.5+C151),12),0)+IF(NOT(OR(D100=1,AND(C152<4,C131=1))),15-5*C131*E137-C82,0) -> 14 | T39: =IF(C127>3,1,0)*0.1*(T40+T43+T51+T57+T63) -> 0.056235397 | V39: =T39*K39 -> 25462.693 | W39: =T39*L39 -> 10094.437
B40: Raise Dead | C40: =Inputs!C42 -> 1 | G40: Death and Decay | H40: =0.083*(11+2*C107)*1.3*1.25 -> 1.753375 | I40: =1.48*1.15 -> 1.702 | J40: =($J$6*(1+$E$116)*(1+$D$157)+169*15/120*$C$24+$C$14*6)*H40*$J$10*$L$11*I40*(1+0.01*E25) -> 18833.243 | K40: =J40*$J$8*$C$152*$J$14*(1+$C$131*0.05*MIN(1,5/$C$152))*(1+0.08*C120*D120) -> 147715.19 | L40: =K40/$C$152 -> 29543.037 | M40: =K40*$L$12+($J$6*(1+$E$116)*(1+$D$157)+4925*15/120*C24+$C$14*6)*0.375*(D97+2*C104)*$J$10*$J$8*$L$11*C94*(1-IF(OR(D100=1,AND(C152<4,C131=1)),0,1)*IF(D100=2,1-(1-(0.75)^((5+(H15/2))/H15))/(1+3*(1-(0.75)^((5+(H15/2))/H15))*C82),1)*IF(NOT(OR(OR(D100=1,AND(C152<4,C131=1)),D100=2)),1-(1-(0.75)^((4+(H15/2))/H15)),1)) -> 43535.639 | N40: =-1*IF(OR(D100=1,AND(C152<4,C131=1)),0,1)*IF(D100=2,1-(1-(0.75)^((5+(H15/2))/H15))/(1+3*(1-(0.75)^((5+(H15/2))/H15))*C82),1)*IF(NOT(OR(OR(D100=1,AND(C152<4,C131=1)),D100=2)),1-(1-(0.75)^((4+(H15/2))/H15)),1) -> -0.37585594 | O40: =10*IF(OR(D100=1,AND(C152<4,C131=1)),C94,1)*IF(D100=2,IF(C94>0,1,1-(1-(0.75)^((5+(H15/2))/H15))/(1+3*(1-(0.75)^((5+(H15/2))/H15))*C82)),1)*IF(NOT(OR(OR(D100=1,AND(C152<4,C131=1)),D100=2)),IF(C94>0,1,1-(1-(0.75)^((4+(H15/2))/H15))),1) -> 10 | Q40: =1.5/$J$9 -> 0.9838808 | R40: 15 | S40: =IF(OR(D100=1,AND(C152<4,C131=1)),MAX((10-5*C131*E137+H15*3.5+C151),12),0)+IF(NOT(OR(D100=1,AND(C152<4,C131=1))),15-5*C131*E137-C82,0) -> 14 | T40: =1/S40 -> 0.071428571 | U40: =T40*Q40 -> 0.0702772 | V40: =T40*K40 -> 10551.085 | W40: =T40*L40 -> 2110.217 | X40: =T40*M40 -> 3109.6885 | Y40: =X40*(1-$C$144) -> 2487.7508 | Z40: =T40*N40 -> -0.026846853 | AA40: =T40*O40 -> 0.71428571
A41: Row 2 | B41: Runic Attenuation | C41: =Inputs!C43 -> 1 | G41: Death Pact | M41: =$L$7*(0.2+0.1*C62)*$J$10 -> 430976.84 | R41: 120 | S41: =R41-30*C62+$C$151 -> 120.8 | T41: =1/S41*C56 -> 0 | X41: =T41*M41 -> 0 | Y41: =X41 -> 0
B42: Improved Death Strike | C42: =Inputs!C44 -> 1 | G42: Death Strike | H42: =1.5312*1.2*1.12 -> 2.0579328 | I42: =2.3 -> 2.3 | J42: =($J$6*(1+$E$116)*(1+$D$157)+169*15/120*$C$24+$C$14*6)*H42*$J$10*$L$11*I42*(1+0.12*C130) -> 29871 | K42: =J42*$J$8*0.7*(1+C99*0.08*MIN((T25+C108*T51*(1-(1-0.15)*(1-0.15*MAX(4,C152-1))))/T42*C152,5))*(1+0.6*C19*(1+0.2*C63))*$J$14*(1+0.08*C120)*(1+0.05*K134)*MAX((1+0.2*C63*C19),MIN((1+0.2*C63*C19)+C106*0.75*(C152-1),(1+0.2*C63*C19)+C106*1.5)) -> 272610.76 | L42: =K42*(1+0.2*C63*C19)/MAX((1+0.2*C63*C19),MIN((1+0.2*C63*C19)+C106*0.75*(C152-1),(1+0.2*C63*C19)+C106*1.5)) -> 121160.34 | M42: =K42*$L$12+MAX(5*0.2*T10*(1+0.05*C111),7/100*L7)*(1+C99*0.08*MIN((T25+C108*T51*(1-(1-0.15)*(1-0.15*MAX(4,C152-1))))/T42*C152,5))*$J$10*$J$15*(1+0.15*C42) -> 889066.48 | O42: =(-45)+5*C91+IF(C42>0,5,0)+10*8*T26 -> -35 | Q42: =1.5/$J$9 -> 0.9838808 | T42: =-(SUM(AA19:AA41,AA43:AA76))/O42 -> 0.40134944 | U42: =T42*Q42 -> 0.39488 | V42: =T42*K42 -> 109412.18 | W42: =T42*L42 -> 48627.634 | X42: =MIN(T42,0.2)*M42 -> 177813.3 | Y42: =X42*(1-$C$144) -> 142250.64 | AA42: =T42*O42 -> -14.04723
B43: Cleaving Strikes | C43: =Inputs!C45 -> 1 | G43: Death's Caress | H43: =0.4374 -> 0.4374 | I43: 1.15 | J43: =($J$6*(1+$E$116)*(1+$D$157)+169*15/120*$C$24+$C$14*6)*H43*$J$10*$L$11*I43*(1+0.01*E25) -> 3174.4417 | K43: =J43*$J$8*$J$14*(1+$C$131*0.05)*(1+0.08*C120*D120) -> 4979.6337 | L43: =K43 -> 4979.6337 | M43: =K43*$L$12 -> 921.23223 | N43: -1 | O43: 10 | P43: 2 | Q43: =1.5/$J$9 -> 0.9838808 | R43: 6 | S43: =IF(4*Q43>=R43,4*Q43,(IF(5*Q43>=R43,5*Q43,(IF(6*Q43>=R43,6*Q43,(IF(7*Q43>=R43,7*Q43,(8*Q43)))))))) -> 6.8871656 | T43: =MIN(1/S43,(L15-SUM(AB19:AB42)-SUM(AB44:AB56)-SUM(AB61:AB76))/2)*D87 -> 0 | U43: =T43*Q43 -> 0 | V43: =T43*K43 -> 0 | W43: =T43*L43 -> 0 | X43: =T43*M43 -> 0 | Y43: =X43*(1-$C$144) -> 0 | Z43: =T43*N43 -> 0 | AA43: =T43*O43 -> 0 | AB43: =P43*T43 -> 0
A44: Row 3 | B44: Mind Freeze | C44: =Inputs!C46 -> 1 | D44: =Inputs!D46 -> 0 | G44: Embrace of Bwonsamdi | H44: =0.22 -> 0.22 | J44: =($J$6*(1+$E$116)*(1+$D$157)+$C$14*6)*H44*$J$10*$L$11 -> 1388.3962 | K44: =J44*$J$8*$J$14*(1+0.08*C120*D120) -> 2074.2169 | L44: =K44 -> 2074.2169 | M44: =K44*(1+$L$12) -> 2457.947 | R44: =60/3 -> 20 | S44: =R44/1.13/$J$9 -> 11.609213 | T44: =1/S44*IF($E$28=1,1,0) -> 0 | V44: =T44*K44 -> 0 | W44: =T44*L44 -> 0 | X44: =T44*M44 -> 0 | Y44: =X44*(1-$C$144) -> 0
B45: Blinding Sleet | C45: =Inputs!C47 -> 1 | G45: Embrace of Kimbul | H45: 0.075 | J45: =($J$6*(1+$E$116)*(1+$D$157)+$C$14*6)*H45*$J$10*$L$11 -> 473.31689 | K45: =J45*$J$8*$J$14*(1+0.08*C120*D120) -> 707.11938 | L45: =K45 -> 707.11938 | M45: =K45*$L$12 -> 130.81709 | V45: =IF(IF($E$28=2,1,0),1.13*(exp(6*12*J9/60)-1)*(1-(1-exp(-6*12*J9/60))^3)*K45/6,0) -> 0 | W45: =V45 -> 0 | X45: =V45*$L$12 -> 0 | Y45: =X45*(1-$C$144) -> 0
B46: Gloom Ward | C46: =Inputs!C48 -> 2 | G46: Exterminate (First) | H46: =7.1545*1.2*1.2 -> 10.30248 | I46: 1.15 | J46: =($J$6*(1+$E$116)*(1+$D$157)+169*15/120*$C$24+$C$14*6)*H46*$J$10*$L$11*I46*(1+0.01*$E$25) -> 74770.513 | K46: =J46*$J$8*$J$14*(1+C130*0.15*$B$19*(1+0.2*$C$63))*$H$135*(1+0.08*C120*D120) -> 111704.61 | L46: =K46 -> 111704.61 | M46: =K46*$L$12 -> 20665.353 | T46: =T64*(3-C137)+T38 -> 0.011013216 | V46: =T46*K46 -> 1230.227 | W46: =T46*L46 -> 1230.227 | X46: =T46*M46 -> 227.59199 | Y46: =X46*(1-$C$144) -> 182.07359
B47: March of Darkness | C47: =Inputs!C49 -> 0 | G47: Exterminate (Second) | H47: =3.91*1.2 -> 4.692 | I47: 1.15 | J47: =($J$6*(1+$E$116)*(1+$D$157)+169*15/120*$C$24+$C$14*6)*H47*$J$10*$L$11*I47*(1+0.01*$E$25) -> 34052.311 | K47: =J47*$J$8*$C$152/SQRT(MAX(1,$C$152/8))*$J$14*(1+C130*0.15*$B$19*(1+0.2*$C$63))*$H$135*(1+0.08*C120*D120) -> 254364.98 | L47: =K47/$C$152 -> 50872.997 | M47: =K47*$L$12 -> 47057.522 | T47: =T64*(3-C137)+T38 -> 0.011013216 | V47: =T47*K47 -> 2801.3765 | W47: =T47*L47 -> 560.2753 | X47: =T47*M47 -> 518.25465 | Y47: =X47*(1-$C$144) -> 414.60372
B48: Wraith Walk | C48: =Inputs!C50 -> 0 | G48: Gift of the Naaru | M48: =L7*0.2 -> 336578.92 | R48: 120 | S48: =R48+$C$151 -> 120.8 | T48: =1/S48*C34 -> 0 | X48: =T48*M48 -> 0 | Y48: =X48*(1-$C$144) -> 0
B49: Unholy Momentum | C49: =Inputs!C51 -> 2 | G49: Gorefiend's Grasp | P49: =MIN(C90*C152,6) -> 5 | Q49: =1.5/$J$9 -> 0.9838808 | R49: 90 | S49: =R49+$C$151 -> 90.8 | T49: =1/S49*C103*D103 -> 0 | U49: =T49*Q49 -> 0 | AB49: =P49*T49 -> 0
B50: Control Undead | C50: =Inputs!C52 -> 0 | G50: Healing Vial | H50: 3.78 | J50: =($J$6*(1+$E$116)*(1+$D$157)+$C$14*6)*H50*$J$10*$L$11 -> 23855.171 | M50: =J50*$J$8*$J$15 -> 30248.565 | Q50: =1.5/$J$9 -> 0.9838808 | R50: 90 | S50: =R50+$C$151 -> 90.8 | T50: =1/S50*IF($E$29=2,1,0) -> 0 | U50: =T50*Q50 -> 0 | X50: =T50*M50 -> 0 | Y50: =X50*(1-$C$144) -> 0
B51: Enfeeble | C51: =Inputs!C53 -> 1 | G51: Heart Strike | H51: =1.31112*1.2*1.25 -> 1.96668 | I51: 1.15 | J51: =($J$6*(1+$E$116)*(1+$D$157)+169*15/120*$C$24+$C$14*6)*H51*$J$10*$L$11*I51*(1+0.15*C93) -> 14273.231 | K51: =J51*$J$8*0.7*IF($C$152<=5,IF($C$152<3,$C$152,2+IF($C$43>0,$C$152-2,0)*((14-5*C131*E137)/S40)),2+IF($C$43>0,3,0)*((14-5*C131*E137)/S40))*$J$14*(1+0.08*C120*D120) -> 74633.028 | L51: =K51/IF($C$152<=5,IF($C$152<3,$C$152,2+IF($C$43>0,$C$152-2,0)*((14-5*C131*E137)/S40)),2+IF($C$43>0,3,0)*((14-5*C131*E137)/S40)) -> 14926.606 | M51: =K51*$L$12+IF($C$152<=5,IF($C$152<3,$C$152,2+IF($C$43>0,$C$152-2,0)*((14-5*C131*E137)/S40)),2+IF($C$43>0,3,0)*((14-5*C131*E137)/S40))*$L$7*0.0025*$C$95 -> 13807.11 | N51: -1 | O51: =(15+2*C96*IF($C$152<=5,IF($C$152<3,$C$152,2+IF(C43>0,$C$152-2,0)*IF(D100=2,(1-T40*(1-(0.75)^((5+(H15/2))/H15))/(1+3*(1-(0.75)^((5+(H15/2))/H15))*C82)/(1-(0.75)^((5+(H15/2))/H15))),((14-5*C131*E137)/S40))+2*(1-IF(D100=2,(1-T40*(1-(0.75)^((5+(H15/2))/H15))/(1+3*(1-(0.75)^((5+(H15/2))/H15))*C82)/(1-(0.75)^((5+(H15/2))/H15))),((14-5*C131*E137)/S40)))),2+IF(C43>0,3,0)*IF(D100=2,(1-T40*(1-(0.75)^((5+(H15/2))/H15))/(1+3*(1-(0.75)^((5+(H15/2))/H15))*C82)/(1-(0.75)^((5+(H15/2))/H15))),((14-5*C131*E137)/S40))+2*(1-IF(D100=2,(1-T40*(1-(0.75)^((5+(H15/2))/H15))/(1+3*(1-(0.75)^((5+(H15/2))/H15))*C82)/(1-(0.75)^((5+(H15/2))/H15))),((14-5*C131*E137)/S40))))) -> 25 | Q51: =1.5/$J$9 -> 0.9838808 | T51: =MIN(($L$9+SUM(Z19:Z50)+SUM(Z52:Z76))/(-N51),MAX((1-SUM(U18:U41,U43:U50,U52:U76)+SUM(AA19:AA41,AA43:AA50,AA52:AA76)/O42*Q42)/Q51*(-O42/(O51-O42)),0)) -> 0.40030606 | U51: =T51*Q51 -> 0.39385345 | V51: =(T51-T74+3*(1-C131*T38*(8+C110*4))*C116/(9/(1/(0.5+(2/((L14+0.3*(1-(1-(T38*(8+C110*4)))*(1-IF(C127>3,1,0)*(1-0.875^(8*(T40+T43+T51+T57+T63)))))))-1+IF(C152=1,0.5,0))/C152))+9/(1/(0.5+(2/((L14+0.3*(1-(1-(T38*(8+C110*4)))*(1-IF(C127>3,1,0)*(1-0.875^(8*(T40+T43+T51+T57+T63)))))))-1+IF(C152=1,0.5,0))/C152))/2*((0.8/3^(C152-1))/(1-(0.8/3^(C152-1))))+6)+1.5*(1-C131*(T38*(8+C110*4))/(1-(1-(T38*(8+C110*4)))*(1-IF(C127>3,1,0)*(1-0.875^(8*(T40+T43+T51+T57+T63))))))*F127)*K51 -> 39245.065 | W51: =(T51-T74+3*(1-C131*T38*(8+C110*4))*C116/(9/(1/(0.5+(2/((L14+0.3*(1-(1-(T38*(8+C110*4)))*(1-IF(C127>3,1,0)*(1-0.875^(8*(T40+T43+T51+T57+T63)))))))-1+IF(C152=1,0.5,0))/C152))+9/(1/(0.5+(2/((L14+0.3*(1-(1-(T38*(8+C110*4)))*(1-IF(C127>3,1,0)*(1-0.875^(8*(T40+T43+T51+T57+T63)))))))-1+IF(C152=1,0.5,0))/C152))/2*((0.8/3^(C152-1))/(1-(0.8/3^(C152-1))))+6)+1.5*(1-C131*(T38*(8+C110*4))/(1-(1-(T38*(8+C110*4)))*(1-IF(C127>3,1,0)*(1-0.875^(8*(T40+T43+T51+T57+T63))))))*F127)*L51 -> 7849.013 | X51: =(T51-T74)*M51 -> 2872.9713 | Y51: =X51*(1-$C$144) -> 2298.377 | Z51: =T51*N51 -> -0.40030606 | AA51: =T51*O51 -> 10.007652
A52: Row 4 | B52: Coldthirst | C52: =Inputs!C54 -> 1 | G52: Icebound Fortitude | K52: =IF($C$152<=5,IF($C$152<3,$C$152,2+IF($C$43>0,$C$152-2,0)*((14-5*C131*E137)/S40)),2+IF($C$43>0,3,0)*((14-5*C131*E137)/S40)) -> 5 | R52: 120 | S52: 120 | T52: =1/S52*C38*C149 -> 0.0083333333
B53: Proliferating Chill | C53: =Inputs!C55 -> 0 | G53: Infliction of Sorrow | J53: =J29*0.2 -> 4573.7781 | K53: =J53*$J$8*IF($C$152<=5,IF($C$152<3,$C$152,IF($C$43>0,$C$152,2)*(14-5*C131*E137)/$S$40+2*($S$40-(14-5*C131*E137))/$S$40),IF($C$43>0,5,2)*(14-5*C131*E137)/$S$40+2*($S$40-(14-5*C131*E137))/$S$40)*$J$14*(1+$C$131*0.05)*(1+0.08*C120*D120) -> 35873.614 | L53: =K53/IF($C$152<=5,IF($C$152<3,$C$152,IF($C$43>0,$C$152,2)*(14-5*C131*E137)/$S$40+2*($S$40-(14-5*C131*E137))/$S$40),IF($C$43>0,5,2)*(14-5*C131*E137)/$S$40+2*($S$40-(14-5*C131*E137))/$S$40) -> 7174.7228 | M53: =K53*$L$12 -> 6636.6186 | T53: =C131*T74 -> 0.19222695 | V53: =T53*K53*C131 -> 6895.8753 | W53: =T53*L53*C131 -> 1379.1751 | X53: =T53*M53*C131 -> 1275.7369 | Y53: =X53*(1-$C$144) -> 1020.5896
B54: Permafrost | C54: =Inputs!C56 -> 1 | G54: Lichborne | R54: 120 | S54: =120-30*C130*C138-30*C72 -> 120 | T54: =1/S54*C149 -> 0.0083333333
B55: Veteran of the Third War | C55: =Inputs!C57 -> 1 | G55: Lifeblood | M55: =M42*0.2/(1+C99*0.08*MIN((T25+C108*T51*(1-(1-0.15)*(1-0.15*MAX(4,C152-1))))/T42*C152,5)) -> 136272.08 | T55: =T42*C109 -> 0.40134944 | X55: =T55*M55 -> 54692.722 | Y55: =X55*(1-$C$144) -> 43754.178
B56: Death Pact | C56: =Inputs!C58 -> 0 | G56: Light's Judgment | H56: 4.2 | J56: =($J$6*(1+$E$116)*(1+$D$157)+$C$14*6)*H56*$J$10*$L$11 -> 26505.746 | K56: =J56*$J$8*$C$152/SQRT(MAX(1,$C$152/8))*$J$14*(1+0.08*C120*D120) -> 197993.43 | L56: =K56/$C$152 -> 39598.685 | M56: =K56*$L$12 -> 36628.784 | Q56: =1.5/$J$9 -> 0.9838808 | R56: 150 | S56: =R56+$C$151 -> 150.8 | T56: =1/S56*E31 -> 0 | U56: =T56*Q56 -> 0 | V56: =T56*K56 -> 0 | W56: =T56*L56 -> 0 | X56: =T56*M56 -> 0 | Y56: =X56*(1-$C$144) -> 0
B57: Brittle | C57: =Inputs!C59 -> 1 | G57: Marrowrend | H57: =1.471*1.5 -> 2.2065 | I57: 1.15 | J57: =($J$6*(1+$E$116)*(1+$D$157)+169*15/120*$C$24+$C$14*6)*H57*$J$10*$L$11*I57 -> 16013.73 | K57: =J57*$J$8*0.7*$J$14*(1+0.08*C120*D120) -> 16746.779 | L57: =K57 -> 16746.779 | M57: =K57*$L$12 -> 3098.1541 | N57: -2 | O57: =20 -> 20 | P57: 3 | Q57: =1.5/$J$9 -> 0.9838808 | T57: =MAX((L15-SUM(AB19:AB56)-SUM(AB58:AB76))/3,T47) -> 0.090619337 | U57: =T57*Q57 -> 0.089158626 | V57: =T57*K57 -> 1517.582 | W57: =T57*L57 -> 1517.582 | X57: =T57*M57 -> 280.75267 | Y57: =X57*(1-$C$144) -> 224.60214 | Z57: =(T57-T47/(2))*N57 -> -0.17022546 | AA57: =T57*O57 -> 1.8123867 | AB57: =P57*T57 -> 0.27185801
B58: Blood Bond | C58: =Inputs!C60 -> 0 | G58: Mind Freeze | O58: =10*C52 -> 10 | R58: 15 | S58: =R58-3*C52 -> 12 | T58: =1/S58*D44*C44 -> 0 | AA58: =T58*O58 -> 0
A59: Row 5 | B59: Icy Talons | C59: =Inputs!C61 -> 1 | D59: =Inputs!D61 -> 0.9 | G59: Pact of the San'layn | K59: =SUM(V25,V26,K28/10*C118,V29,V35,V40,V43,V53,K68/10*C123,IF(C131=1,V74*T51/T74,0))*10*0.15*0.15*$C$152/SQRT(MAX(1,$C$152/8))*(1+$C$131*0.05*MIN(1,5/$C$152))*J10*(1+0.08*C120*D120) -> 174737.81 | L59: =K59/$C$152 -> 34947.563 | M59: =K59/((1+$C$131*0.05*MIN(1,5/$C$152)))/$C$152 -> 33283.393 | T59: =T24*C131*E141 -> 0.011013216 | V59: =T59*K59 -> 1924.4253 | W59: =T59*L59 -> 384.88505 | X59: =T59*M59 -> 366.55719 | Y59: =X59*(1-$C$144) -> 293.24576
B60: Death Notes | C60: =Inputs!C62 -> 1 | G60: Permafrost | M60: =K23*0.5*(1+0.15*C46)*(1+C130) -> 9652.1796 | T60: =T23*C54 -> 0.72537393 | X60: =T60*M60+C130*T47*(K46+K47)*0.1*(1+0.15*C46)*C54 -> 7001.4394 | Y60: =X60 -> 7001.4394
B61: Anti-Magic Zone | C61: =Inputs!C63 -> 1 | D61: =Inputs!D63 -> 0 | G61: Raise Dead | H61: =0.5875*2/6*1.075 -> 0.21052083 | I61: 1 | J61: =($J$6*(1+$E$116)*(1+$D$157)+169*15/120*$C$24+$C$14*6)*H61*$J$10*$L$11*I61*(1+0.01*C24) -> 1328.5742 | K61: =J61*$J$8*0.7*(INT($J$9*60/2+1)+(60*$J$9*10+25)/40*1.35)*$J$14*(1+$C$131*0.05) -> 109861.83 | L61: =K61 -> 109861.83 | R61: 120 | S61: =120-30*C130*C138 -> 120 | T61: =1/S61*C40 -> 0.0083333333 | V61: =T61*K61 -> 915.51526 | W61: =T61*L61 -> 915.51526
B62: Death Defiance | C62: =Inputs!C64 -> 0 | G62: Razorice | H62: 0.01127 | I62: 1.15 | J62: =($J$6*(1+$E$116)*(1+$D$157)+169*15/120*$C$24+$C$14*6)*H62*$J$10*$L$11*I62*(1+0.01*E25) -> 81.792315 | K62: =J62*$J$8*$J$14*(1+0.2*C63)*(1+0.08*C120*D120)*(1+0.15*$B$19*(1+0.2*$C$63)) -> 146.63393 | L62: =K62 -> 146.63393 | M62: =K62*$L$12 -> 27.127277 | T62: =$B$19*(T23+T35*$C$152+T42*MIN((C152-1)*C106+1,2*C106+1)+T51*IF($C$152<=5,IF($C$152<3,$C$152,2+IF(C43>0,$C$152-2,0)*10/S40+2*(S40-10)/S40),2+IF(C43>0,3,0)*10/S40+2*(S40-10)/S40)+T57) -> 0 | V62: =T62*K62 -> 0 | W62: =T62*L62 -> 0 | X62: =T62*M62 -> 0 | Y62: =X62*(1-$C$144) -> 0
B63: Unholy Bond | C63: =Inputs!C65 -> 1 | G63: Reaper's Mark | H63: =3.07125*1.2*1.2 -> 4.4226 | I63: 1.15 | J63: =($J$6*(1+$E$116)*(1+$D$157)+169*15/120*$C$24+$C$14*6)*H63*$J$10*$L$11*I63*(1+0.01*E25)*1.05 -> 33701.99 | K63: =J63*$J$8*$J$14*(1+0.15*$B$19*(1+0.2*$C$63))*(1+0.08*C120*D120) -> 50349.63 | L63: =K63 -> 50349.63 | M63: =K63*$L$12 -> 9314.6815 | N63: -2 | O63: =20 -> 20 | P63: =3 -> 3 | Q63: =1.5/$J$9 -> 0.9838808 | R63: 45 | S63: =2*R63/(2+C137)+$C$151 -> 45.8 | T63: =1/S63*C130 -> 0 | U63: =T63*Q63 -> 0 | V63: =T63*K63 -> 0 | W63: =T63*L63 -> 0 | X63: =T63*M63 -> 0 | Y63: =X63*(1-$C$144) -> 0 | Z63: =T63*N63 -> 0 | AA63: =T63*O63 -> 0 | AB63: =P63*T63 -> 0
A64: Row 6 | B64: Ice Prison | C64: =Inputs!C66 -> 0 | G64: Reaper's Mark (Debuff) | H64: =0.3779*1.2 -> 0.45348 | I64: 1.15 | J64: =($J$6*(1+$E$116)*(1+$D$157)+169*15/120*$C$24+$C$14*6)*H64*$J$10*$L$11*I64*(1+0.01*E25)*1.05 -> 3455.6999 | K64: =J64*$J$8*$J$14*(1+0.15*$B$19*(1+0.2*$C$63))*$H$134*(1+0.15)*(1+0.05*(1+H8))*(1+0.08*C120*D120) -> 251961.62 | L64: =K64 -> 251961.62 | M64: =K64*$L$12 -> 46612.9 | T64: =T63 -> 0 | V64: =T64*K64 -> 0 | W64: =T64*L64 -> 0 | X64: =T64*M64 -> 0 | Y64: =X64*(1-$C$144) -> 0
B65: Death's Reach | C65: =Inputs!C67 -> 0 | G65: Rocket Barrage | H65: 0.5 | J65: =(360+343*0.429/0.5*(1+0.05*C21)+$J$6*(1+$E$116)*(1+$D$157)+$C$14*6)*H65*$J$10*$L$11 -> 3654.6745 | K65: =J65*$J$8*$J$14*(1+0.08*C120*D120) -> 5459.9598 | L65: =K65 -> 5459.9598 | M65: =K65*$L$12 -> 1010.0926 | Q65: =1.5/$J$9 -> 0.9838808 | R65: 90 | S65: =R65+$C$151 -> 90.8 | T65: =1/S65*C29 -> 0 | U65: =T65*Q65 -> 0 | V65: =T65*K65 -> 0 | W65: =T65*L65 -> 0 | X65: =T65*M65 -> 0 | Y65: =X65*(1-$C$144) -> 0
B66: Asphyxiate | C66: =Inputs!C68 -> 1 | G66: Rune of Sanguination | M66: =$L$7*0.48*(1+0.2*C63) -> 969347.29 | R66: 360 | S66: 360 | T66: =1/S66*C19 -> 0.0027777778 | X66: =T66*M66 -> 2692.6314 | Y66: =X66*(1-$C$144) -> 2154.1051
B67: Assimilation | C67: =Inputs!C69 -> 1 | G67: Runic Attenuation | O67: 3 | R67: =60/10.8 -> 5.5555556 | S67: =1/(10.8*J9*1.13/60) -> 3.2247814 | T67: =1/S67*C41 -> 0.31009854 | AA67: =T67*O67 -> 0.93029562
B68: Anti-Magic Barrier | C68: =Inputs!C70 -> 1 | G68: Sanguinary Burst | H68: 2.76 | J68: =($J$6*(1+$E$116)*(1+$D$157)+169*15/120*$C$24+$C$14*6)*H68*$J$10*$L$11*(1+0.01*$E$25) -> 17418.062 | K68: =J68*$J$8*$J$14*(1+$C$131*0.05*MIN(1,5/$C$152))*$C$152/SQRT(MAX(1,$C$152/8))*(1+0.02*-AA42*8*((O42-5*IF(C42>0,1,0))/O42))*(1+0.08*C120*D120) -> 487530.92 | L68: =K68/$C$152 -> 97506.184 | M68: =K68*(0.18+$L$12) -> 177948.79 | T68: =T28*C123 -> 0 | V68: =T68*K68 -> 0 | W68: =T68*L68 -> 0 | X68: =T68*M68 -> 0 | Y68: =X68*(1-$C$144) -> 0
B69: Grip of the Dead | C69: =Inputs!C71 -> 1 | G69: Soul Rupture | I69: 1.15 | K69: =K64*1/10*($C$152-1)*$I$69*1.05*IF(D100=2,(1+0.06*C119*(1-T40*(1-(0.75)^((5+(H15/2))/H15))/(1+3*(1-(0.75)^((5+(H15/2))/H15))*C82)/(1-(0.75)^((5+(H15/2))/H15)))),(1+0.06*(14-5*C131*E137)*C119*(1/S40))) -> 128999.31 | L69: =K69/$C$152 -> 25799.862 | M69: =K69*$L$12 -> 23864.873 | T69: =T64 -> 0 | V69: =T69*K69 -> 0 | W69: =T69*L69 -> 0 | X69: =T69*M69 -> 0 | Y69: =X69*(1-$C$144) -> 0
A70: Row 7 | B70: Suppression | C70: =Inputs!C72 -> 0 | G70: Stoneform | R70: 120 | S70: 120 | T70: =1/S70*C31*$C$149 -> 0
B71: Blood Scent | C71: =Inputs!C73 -> 1 | G71: Touch of the Grave | H71: =1.25*0.25 -> 0.3125 | J71: =($J$6*(1+$E$116)*(1+$D$157)+$C$14*6)*H71*$J$10*$L$11 -> 1972.1537 | K71: =J71*$J$8*$J$14*(1+0.08*C120*D120)*(1+$C$131*0.05*MIN(1,5/$C$152)) -> 3093.6473 | L71: =K71 -> 3093.6473 | M71: =K71*(1+$L$12) -> 3665.9721 | R71: 15 | S71: =15 -> 15 | T71: =1/S71*C25 -> 0 | V71: =T71*K71 -> 0 | W71: =T71*L71 -> 0 | X71: =T71*M71 -> 0 | Y71: =X71*(1-$C$144) -> 0
B72: Unholy Endurance | C72: =Inputs!C74 -> 0 | G72: Umbilicus Eternus | M72: =MIN(L7,V29*(10+2*C92)*6)*J10*(1+0.15*C46) -> 1510796.7 | T72: =T76*C126 -> 0.046786617 | X72: =T72*M72 -> 70685.065 | Y72: =X72 -> 70685.065
A73: Row 8 | B73: Osmosis | C73: =Inputs!C75 -> 0 | G73: Unholy Strength | M73: =$L$7*0.04*(1+0.2*C63) -> 80778.941 | R73: =60/3 -> 20 | S73: =R73/1.13/$J$9 -> 11.609213 | T73: =1/S73*B21 -> 0 | X73: =T73*M73 -> 0 | Y73: =X73*(1-$C$144) -> 0
B74: Insidious Chill | C74: =Inputs!C76 -> 1 | G74: Vampiric Strike | H74: =0.907*1.25 -> 1.13375 | I74: 1.15 | J74: =($J$6*(1+$E$116)*(1+$D$157)+169*15/120*$C$24+$C$14*6)*H74*$J$10*$L$11*I74*(1+0.15*C93)*(1+0.01*$E$25)*(1+0.1*C43) -> 9051.0417 | K74: =J74*$J$8*IF($C$152<=5,IF($C$152<3,$C$152,IF($C$43>0,$C$152,2)*(14-5*C131*E137)/$S$40+2*($S$40-(14-5*C131*E137))/$S$40),IF($C$43>0,5,2)*(14-5*C131*E137)/$S$40+2*($S$40-(14-5*C131*E137))/$S$40)*$J$14*(1+$C$131*0.2)*(1+0.08*C120*D120) -> 81131.696 | L74: =K74/IF($C$152<=5,IF($C$152<3,$C$152,IF($C$43>0,$C$152,2)*(14-5*C131*E137)/$S$40+2*($S$40-(14-5*C131*E137))/$S$40),IF($C$43>0,5,2)*(14-5*C131*E137)/$S$40+2*($S$40-(14-5*C131*E137))/$S$40) -> 16226.339 | M74: =K74*$L$12+IF($C$152<=5,IF($C$152<3,$C$152,IF($C$43>0,$C$152,2)*(14-5*C131*E137)/$S$40+2*($S$40-(14-5*C131*E137))/$S$40),IF($C$43>0,5,2)*(14-5*C131*E137)/$S$40+2*($S$40-(14-5*C131*E137))/$S$40)*$L$7*0.0025*$C$95+$L$7*0.02*$J$10 -> 58107.048 | T74: =C131*((T38*(8+C110*4))*T51+(1-T38*(8+C110*4))*((0.35+0.05*14/S40*E136)*T42+(E140*0.35*0.15)*T42)) -> 0.19222695 | V74: =(T74+(C131*T38*(8+C110*4))*C116/(9/(1/(0.5+(2/((L14+0.3*(1-(1-(T38*(8+C110*4)))*(1-IF(C127>3,1,0)*(1-0.875^(8*(T40+T43+T51+T57+T63)))))))-1+IF(C152=1,0.5,0))/C152))+9/(1/(0.5+(2/((L14+0.3*(1-(1-(T38*(8+C110*4)))*(1-IF(C127>3,1,0)*(1-0.875^(8*(T40+T43+T51+T57+T63)))))))-1+IF(C152=1,0.5,0))/C152))/2*((0.8/3^(C152-1))/(1-(0.8/3^(C152-1))))+6)+1.5*C131*F127*((T38*(8+C110*4))/(1-(1-(T38*(8+C110*4)))*(1-IF(C127>3,1,0)*(1-0.875^(8*(T40+T43+T51+T57+T63)))))))*K74 -> 20561.873 | W74: =(T74+(C131*T38*(8+C110*4))*C116/(9/(1/(0.5+(2/((L14+0.3*(1-(1-(T38*(8+C110*4)))*(1-IF(C127>3,1,0)*(1-0.875^(8*(T40+T43+T51+T57+T63)))))))-1+IF(C152=1,0.5,0))/C152))+9/(1/(0.5+(2/((L14+0.3*(1-(1-(T38*(8+C110*4)))*(1-IF(C127>3,1,0)*(1-0.875^(8*(T40+T43+T51+T57+T63)))))))-1+IF(C152=1,0.5,0))/C152))/2*((0.8/3^(C152-1))/(1-(0.8/3^(C152-1))))+6)+1.5*C131*F127*((T38*(8+C110*4))/(1-(1-(T38*(8+C110*4)))*(1-IF(C127>3,1,0)*(1-0.875^(8*(T40+T43+T51+T57+T63)))))))*L74 -> 4112.3746 | X74: =T74*M74 -> 11169.741 | Y74: =X74*(1-$C$144) -> 8935.7924
B75: Runic Protection | C75: =Inputs!C77 -> 1 | G75: Wave of Souls | H75: =1.766*1.2 -> 2.1192 | I75: 1.15 | J75: =($J$6*(1+$E$116)*(1+$D$157)+169*15/120*$C$24+$C$14*6)*H75*$J$10*$L$11*I75*(1+0.01*$E$25) -> 15380.148 | K75: =J75*($J$8+2)/2*(1+$C$152)*$J$14*(1+0.15*$B$19*(1+0.2*$C$63))*(H8*0.05/2+1)*(1+0.08*C120*D120) -> 183004.06 | L75: =K75*2/(1+$C$152) -> 61001.353 | M75: =K75*$L$12 -> 33855.751 | T75: =T63 -> 0 | V75: =T75*K75 -> 0 | W75: =T75*L75 -> 0 | X75: =T75*M75 -> 0 | Y75: =X75*(1-$C$144) -> 0
B76: Blood Draw | C76: =Inputs!C78 -> 0 | G76: Vampiric Blood | R76: =90 -> 90 | S76: =R76/(1-AA42/5*C122*((O42-5*IF(C42>0,1,0))/O42)) -> 21.373634 | T76: =1/S76*C89*C149 -> 0.046786617
A77: Row 9 | B77: Rune Mastery | C77: =Inputs!C79 -> 2 | T77: Total | U77: =sum(U19:U76) -> 1 | V77: =sum(V19:V76) -> 324430.93 | W77: =sum(W19:W76) -> 112067.47 | X77: =sum(X19:X76) -> 441911.96 | Y77: =sum(Y19:Y76)+W78 -> 384252.45 | Z77: =sum(Z19:Z76) -> -0.45708093 | AA77: =sum(AA19:AA76) -> 0 | AB77: =sum(AB19:AB76) -> 0.32692409
B78: Subduing Grasp | C78: =Inputs!C80 -> 0
B79: Will of the Necropolis | C79: =Inputs!C81 -> 2 | V79: =8047*20*1.13/60*J8*J10*0.7 -> 3312.4181 | W79: =498629/150*J8*J10*(0.85+0.15*C152) -> 8303.5187 | Y79: =-(1.13*(1-exp(-1*12/60)))*49872/12*J10*L10 -> -937.1879
A80: Row 10 | B80: Null Magic | C80: =Inputs!C82 -> 1 | V80: =(239640*0.7+129036)*1.13*0.92/60*J8*J10 -> 8028.0749
B81: Unyielding Will | C81: =Inputs!C83 -> 0 | V81: =221688*0.85*1.13/60*J8*J10*J9*(0.85+0.15*C152) -> 13514.904 | W81: =(1.13*(1-exp(-2*10/60)))*8804*5/10*(0.85+0.15*C152)*J8*J10 -> 3522.1632
B82: Death's Echo | C82: =Inputs!C84 -> 1 | V82: =150750*1.25*1.13/60*J8*J10*J9*(0.85+0.15*C152) -> 13515.098
B83: Vestigial Shell | C83: =Inputs!C85 -> 0 | V83: =124747/6*(1.13*(1-exp(-2*J9*6/60)))*J8*J10 -> 9639.6584
V84: =135322*4/150*J8*J10*(0.85+0.15*C152) -> 9013.9062
B85: Blood Talents | C85: Rank | D85: Variable | V85: =15233*1.5*1.13/60*J8*J10*5*5/3 -> 5598.5887
A86: Row 1 | B86: Heart Strike | C86: =Inputs!C88 -> 1 | U86: =(20*0.793)*14698*J8*J10*0.7/60*1.375 -> 5838.0368 | V86: =(20+2/3*(C152*4-2-2/3))*14698*J8*J10*0.7/60*1.375 -> 11615.542
A87: Row 2 | B87: Marrowrend | C87: =Inputs!C89 -> 1 | D87: =Inputs!D89 -> 0 | V87: =156528*1.13/60*J8*J9*J10*1.5*(0.85+0.15*C152) -> 16839.731
B88: Blood Boil | C88: =Inputs!C90 -> 1 | V88: =91711*J8*J10/90*(0.85+0.15*C152)*5*0.79+2395/3*J10*J8*C152*0.8 -> 15039.703 | W88: =80382*J8*J10/90*(0.85+0.15*C152)*5*0.79+2013/3*J10*J8*C152*0.8 -> 13002.536 | X88: =(660181*J10*1.15*1.5-93582*5*J10*L10*0.79)/90*1.5-2395*J10*L10/3*0.8 -> 16817.887 | Y88: =(578625*J10*1.15*1.5-82021*5*J10*L10*0.79)/90*1.5-2013*J10*L10/3*0.8 -> 14765.581
A89: Row 3 | B89: Vampiric Blood | C89: =Inputs!C91 -> 1 | U89: =205064/1.2^15 -> 13309.776 | V89: =(304680/(1.2)^15)*3*1.13*1.2^15/60*J8*J9*J10*(127566/205064)*IF(C152>1,1,1)*0.9 -> 22939.561 | X89: =-V89/2*L10 -> -9861.3563
B90: Bone Collector | C90: =Inputs!C92 -> 1 | U90: =9935*1.2^14 -> 127557.3 | V90: =7848*1.5*5*1.13/60*J8*J9*J10 -> 2638.4699 | X90: =-1053*1.5*5*1.13/60*J9*J10*L10 -> -249.63999
A91: Row 4 | B91: Ossuary | C91: =Inputs!C93 -> 1 | V91: =V25/C152 -> 8174.4432 | X91: =258568*2*1.13/60*1.15*J9*J10 -> 21864.805
B92: Improved Vampiric Blood | C92: =Inputs!C94 -> 2 | V92: =69524/60*1.13*2*J9*J8*J10+44080*J9*J8*J10*2/60*0.7*1.13 -> 8999.307
B93: Improved Heart Strike | C93: =Inputs!C95 -> 0 | X93: =1.13*1.21/60*(140745+93831*2)*1.15*J10 -> 11020.209
B94: Relish in Blood | C94: =Inputs!C96 -> 1 | V94: =64988*J8*J10/90*(0.85+0.15*C152)*1.31*5+2182/3*J10*J8*C152 -> 17491.826 | X94: =(409961*J10*1.15-58027*5*(1-L5)*L10)/90*1.5-2396*J10*L10/3 -> 8155.2572
A95: Row 5 | B95: Leeching Strike | C95: =Inputs!C97 -> 0
B96: Heartbreaker | C96: =Inputs!C98 -> 1 | U96: x
B97: Foul Bulwark | C97: =Inputs!C99 -> 1 | D97: =Inputs!D99 -> 7
B98: Dancing Rune Weapon | C98: =Inputs!C100 -> 1
B99: Hemostasis | C99: =Inputs!C101 -> 1
B100: Perseverance of the Ebon Blade | C100: =Inputs!C102 -> 0 | D100: =Inputs!D102 -> 0
B101: Bloodworms | C101: =Inputs!C103 -> 0 | D101: =Inputs!D103 -> 10
A102: Row 6 | B102: Abomination Limb | C102: =Inputs!C104 -> 0
B103: Gorefiend's Grasp | C103: =Inputs!C105 -> 1 | D103: =Inputs!D105 -> 0 | Q103: =264000/1.1957 -> 220791.17
...

Sheet +Strength
B2: +Strength Profile
B4: Input Attributes | C4: Character Sheet | D4: Averate Ratings | E4: Diminished Ratings | G4: Attribute Calculations | N4: Damage Taken Breakdown
B5: Armor | C5: =H5*(1+C21*0.05*(1+0.2*C63)) -> 3852 | G5: Base Armor | H5: =Baseline!H5 -> 3852 | I5: Modified Armor | J5: =(C5*1.45+((J6*(1+E116)*(1+D157)*1.8)+IF(E28=3,1,0)*1.13*(1-exp(-1*$J$9*12/60))*($J$6*(1+E116)*(1+D157)*0.02*$J$10)))*(1+0.06*C75) -> 12101.047 | K5: Physical Damage Reduction | L5: =(J5 / (J5 + C154)) -> 0.7531336 | N5: Damage Taken Per Second | O5: Unmitigated | P5: Passively Mitigated | Q5: Dancing Rune Weapon Mitigated | R5: Icebound Fortitude Mitigated | S5: Misc Mitigated | T5: Fully Mitigated | U5: Anti-Magic Zone Healing | V5: Anti-Magic Shell Healing | W5: Other Healing | X5: EHRPS
B6: Strength | C6: =(H6+C34*33)*(1+C21*0.05*(1+0.2*C63)) -> 2682 | G6: Base Strength | H6: =Baseline!H6+10 -> 2682 | I6: Modified Strength | J6: =(C6+E32*252*8/120+E34*50)*(1+B21*1.13*(1-exp(-3*J9*15/60))*0.15*(1+0.2*C63))*(1+0.03*C77*(1-(0.85)^(8*L9)))*(1+0.1*12*(1/S40)*C131*(1-IF(OR(D100=1,AND(C152<4,C131=1)),0,1)*IF(D100=2,1-(1-(0.75)^((5+(H15/2))/H15))/(1+3*(1-(0.75)^((5+(H15/2))/H15))*C82),1)*IF(NOT(OR(OR(D100=1,AND(C152<4,C131=1)),D100=2)),1-(1-(0.75)^((4+(H15/2))/H15)),1)))*(1+0.1*T69*8*IF(C152=1,1,0)) -> 2901.4725 | K6: Raw Parry from Strength | L6: =(J6-622)/19130 -> 0.11915695 | N6: Physical ST Damage | O6: =Baseline!O6 -> 3608042.3 | P6: =(O6-E26*C152/2*C7*0.0003*30)*(1-$L$14)*(1-$L$5)*$L$10*(1-0.01*E32)*(1-0.2/C152*C74)*(1-C51*0.12/C152*1.13*(1-exp(-3*6/60*55/120)))*(1-$C$135*$C$130*$D$130*0.075)*(1-$C$131*E136*10/S40*0.08)*(1-F116)*(1-E157)*(1-IF(C127>1,1)*0.06*E127)*(1-(0.04*10*(1/S40)*C100*(1-IF(OR(D100=1,AND(C152<4,C131=1)),0,1)*IF(D100=2,1-(1-(0.75)^((5+(H15/2))/H15))/(1+3*(1-(0.75)^((5+(H15/2))/H15))*C82),1)*IF(NOT(OR(OR(D100=1,AND(C152<4,C131=1)),D100=2)),1-(1-(0.75)^((4+(H15/2))/H15)),1))))*(1-C120*0.025) -> 427541.16 | Q6: =P6*(1-((1-(1-(T38*(8+C110*4)))*(1-IF(C127>3,1,0)*(1-0.875^(8*(T40+T43+T51+T57+T63)))))*MIN(0.3/(1-$L$14),1))) -> 328067.46 | R6: =Q6*(1-($T$52*8)*(0.3+0.1*$E$139)) -> 319318.99 | S6: =R6*(1-($T$70*8)*0.1)*(1-($T$26*8)*0.1) -> 319318.99 | T6: =S6 -> 319318.99
B7: Stamina | C7: =(H7+C26*99)*(1+C21*0.05*(1+0.2*C63))*1.05*(1+0.2*C55)*(1.4) -> 77197 | G7: Base Stamina | H7: =Baseline!H7 -> 43762.472 | I7: Total Health | J7: =C7*20 -> 1543940 | K7: Modified Health | L7: =(J7+IF(E28=3,1,0)*1.13*(1-exp(-1*$J$9*12/60))*($J$6*1.3*$J$10))*(1+0.01*C97*(D97+2*C104)) -> 1682894.6 | N7: Physical AoE Damage | O7: =Baseline!O7 -> 0 | P7: =O7*$J$13*(1-$L$5)*$L$10*(1-0.01*E32)*(1-C51*0.12/C152*1.13*(1-exp(-3*6/60*55/120)))*(1-$C$135*$C$130*$D$130*0.075)*(1-$C$131*E136*10/S40*0.08)*(1-IF(C127>1,1)*0.06*E127)*(1-(0.04*10*(1/S40)*C100*(1-IF(OR(D100=1,AND(C152<4,C131=1)),0,1)*IF(D100=2,1-(1-(0.75)^((5+(H15/2))/H15))/(1+3*(1-(0.75)^((5+(H15/2))/H15))*C82),1)*IF(NOT(OR(OR(D100=1,AND(C152<4,C131=1)),D100=2)),1-(1-(0.75)^((4+(H15/2))/H15)),1))))*(1-C120*0.025) -> 0 | R7: =P7*(1-($T$52*8)*(0.3+0.1*$E$139)) -> 0 | S7: =R7*(1-($T$70*8)*0.1)*(1-($T$26*8)*0.1) -> 0 | T7: =S7 -> 0
B8: Critical Strike Rating | C8: =Inputs!C10 -> 778.5 | D8: =(C8+225*15/2/120*IF(1<(IF(C8>C9,1,0)+IF(C8>C10,1,0)+IF(C8>C11,1,0)),E27,0))*(1+0.02*C30)/(1+0.02*Baseline!C30) -> 778.5 | E8: =IF(D8<=1380,D8,IF(D8<=1840,1380+0.9*(D8-1380),IF(D8<=2300,1794+0.8*(D8-1840),IF(D8<=2760,2162+0.7*(D8-2300),IF(D8<=3680,2484+0.6*(D8-2760),IF(D8<=9200,3036+0.5*(D8-3680),5796)))))) -> 778.5 | G8: Critical Strike | H8: =E8/4600+0.05+(C28+C32+C35)*0.01+IF(E28=4,1,0)*1.13*(1-exp(-1*$J$9*12/60))*0.04 -> 0.21923913 | I8: Critical Strike Multiplier | J8: =1+H8*(1+2*0.02*(C26+C31)) -> 1.2192391 | K8: Raw Parry from Critical Strike | L8: =E8/5200/(1+0.02*C30) -> 0.14971154 | N8: Magical ST Damage | O8: =Baseline!O8 -> 112528.84 | P8: =O8*$L$10*(1-C51*0.12/C152*1.13*(1-exp(-3*6/60*55/120)))*(1-$C$135*$C$130*$D$130*0.075)*(1-0.08*$C$80)*(1-IF(C127>1,1)*0.06*E127)*(1-(0.04*10*(1/S40)*C100*(1-IF(OR(D100=1,AND(C152<4,C131=1)),0,1)*IF(D100=2,1-(1-(0.75)^((5+(H15/2))/H15))/(1+3*(1-(0.75)^((5+(H15/2))/H15))*C82),1)*IF(NOT(OR(OR(D100=1,AND(C152<4,C131=1)),D100=2)),1-(1-(0.75)^((4+(H15/2))/H15)),1))))*(1-C120*0.025) -> 82191.788 | R8: =P8*(1-($T$52*8)*(0.3+0.1*$E$139)) -> 80000.007 | S8: =R8*(1-($T$26*8)*0.1) -> 80000.007 | T8: =S8 -> 80000.007 | U8: =T8*(T20*(6+2*C67))*0.15 -> 0 | V8: =IF(T8-U8-$T$19*(($L$7*0.3*$J$10*(1+0.4*$C$68)*(1+0.15*$C$46)))>0,$T$19*($L$7*0.3*$J$10*(1+0.4*$C$68)*(1+0.15*$C$46)),T8-U8) -> 11765.668
B9: Haste Rating | C9: =Inputs!C11 -> 1053.5 | D9: =(C9+225*15/2/120*IF(1<(IF(C9>C8,1,0)+IF(C9>C10,1,0)+IF(C9>C11,1,0)),E27,0))*(1+0.02*C30)/(1+0.02*Baseline!C30) -> 1053.5 | E9: =IF(D9<=1320,D9,IF(D9<=1760,1320+0.9*(D9-1320),IF(D9<=2200,1716+0.8*(D9-1760),IF(D9<=2640,2068+0.7*(D9-2200),IF(D9<=3520,2376+0.6*(D9-2640),IF(D9<=8800,2904+0.5*(D9-3520),5544)))))) -> 1053.5 | G9: Haste | H9: =(1+(C29+C33)*0.01)*E9/4400+(C29+C33)*0.01 -> 0.23943182 | I9: Haste Multiplier | J9: =(1+H9)*(1+C27*0.15/18)*(1+0.1*C104)*(1+0.02*C49)*(1+0.01*K134) -> 1.5245749 | K9: Rune Regeneration | L9: =3/10*J9 -> 0.45737248 | N9: Magical AoE Damage | O9: =Baseline!O9 -> 0 | P9: =O9*$J$13*$L$10*(1-C51*0.12/C152*1.13*(1-exp(-3*6/60*55/120)))*(1-$C$135*$C$130*$D$130*0.075)*(1-0.08*$C$80)*(1-IF(C127>1,1)*0.06*E127)*(1-(0.04*10*(1/S40)*C100*(1-IF(OR(D100=1,AND(C152<4,C131=1)),0,1)*IF(D100=2,1-(1-(0.75)^((5+(H15/2))/H15))/(1+3*(1-(0.75)^((5+(H15/2))/H15))*C82),1)*IF(NOT(OR(OR(D100=1,AND(C152<4,C131=1)),D100=2)),1-(1-(0.75)^((4+(H15/2))/H15)),1))))*(1-C120*0.025) -> 0 | R9: =P9*(1-($T$52*8)*(0.3+0.1*$E$139)) -> 0 | S9: =R9*(1-($T$26*8)*0.1) -> 0 | T9: =S9 -> 0 | U9: =T8*(T20*(6+2*C67))*0.15 -> 0 | V9: =IF(T8+T9-U8-U9-V8>0,MIN($T$19*($L$7*0.3*$J$10*(1+0.4*$C$68)*(1+0.15*$C$46))-V8,T8+T9-U8-U9-V8),0) -> 0
B10: Versatility Rating | C10: =Inputs!C12 -> 1514.5 | D10: =(C10+65*E24+225*15/2/120*IF(1<(IF(C10>C8,1,0)+IF(C10>C9,0)+IF(C10>C11,1,0)),E27,0))*(1+0.02*C30)/(1+0.02*Baseline!C30) -> 1514.5 | E10: =IF(D10<=1620,D10,IF(D10<=2160,1622+0.9*(D10-1620),IF(D10<=2700,2106+0.8*(D10-2160),IF(D10<=3240,2538+0.7*(D10-2700),IF(D10<=4320,2916+0.6*(D10-3240),IF(D10<=10800,3564+0.5*(D10-4320),6804)))))) -> 1514.5 | G10: Versatility | H10: =E10/5400+(E26+E33)*0.01 -> 0.28046296 | I10: Damage/Healing Multiplier | J10: =1+H10 -> 1.280463 | K10: Damage Taken Multiplier | L10: =1-H10/2 -> 0.85976852 | N10: Total | O10: =SUM(O6:O9) -> 3720571.1 | P10: =SUM(P6:P9) -> 509732.95 | Q10: =SUM(Q6:Q9) -> 328067.46 | R10: =SUM(R6:R9) -> 399319 | S10: =SUM(S6:S9) -> 399319 | T10: =SUM(T6:T9) -> 399319 | U10: =SUM(U6:U9) -> 0 | V10: =sum(V6:V9) -> 11765.668 | W10: =(Y77+C27*0.0011*L7*(1-C144)) -> 384389.41 | X10: =(MAX((T10-U10-V10-W10),0)*(1-$T$76*(10+2*C92))+MAX((T10-U10-V10-W10*(1.3+0.05*C92)),0)*($T$76*(10+2*C92))/(1.3+0.05*C92))/IF(D100=2,(1+0.06*(1-T40*(1-(0.75)^((5+(H15/2))/H15))/(1+3*(1-(0.75)^((5+(H15/2))/H15))*C82)/(1-(0.75)^((5+(H15/2))/H15)))),(1+0.02*C49)) -> 1049.5259
B11: Mastery Rating | C11: =Inputs!C13 -> 479.5 | D11: =(C11+225*15/2/120*IF(1<(IF(C11>C8,1,0)+IF(C11>C10,1,0)+IF(C11>C9,1,0)),E27,0))*(1+0.02*C30)/(1+0.02*Baseline!C30) -> 479.5 | E11: =IF(D11<=1380,D11,IF(D11<=1840,1380+0.9*(D11-1380),IF(D11<=2300,1794+0.8*(D11-1840),IF(D11<=2760,2162+0.7*(D11-2300),IF(D11<=3680,2484+0.6*(D11-2760),IF(D11<=9200,3036+0.5*(D11-3680),5796)))))) -> 479.5 | G11: Mastery | H11: =0.16+E11/2300+0.002*(C131*K134) -> 0.38352364 | I11: Blood Shield Multiplier | J11: =H11 -> 0.38352364 | K11: Attack Power Multiplier | L11: =1+H11/2 -> 1.1917618
B12: Leech Rating | C12: =Inputs!C14 -> 0 | D12: =C12 -> 0 | E12: =IF(D12<=690,D12,IF(D12<=1035,690+0.8*(D12-690),IF(D12<=1380,966+0.6*(D12-1035),1173+0.4*(D12-1380)))) -> 0 | G12: Leech | H12: =E12/6900+C71*0.03+C131*E138*0.02 -> 0.03 | I12: Leech Healing Multiplier | J12: =H12 -> 0.03 | K12: Modified Leech Multiplier | L12: =J12+C111*0.15*MIN(8*T42,1)+0.06*(10+2*$C$72)*T54*(1+C131*E138) -> 0.185
B13: Avoidance Rating | C13: =Inputs!C15 -> 0 | D13: =C13 -> 0 | E13: =IF(D13<=368,D13,IF(D13<=552,368+0.8*(D13-368),IF(D13<=736,515.2+0.6*(D13-552),625.6+0.4*(D13-736)))) -> 0 | G13: Avoidance | H13: =E13/3680+C70*0.03 -> 0 | I13: AoE Damage Taken Multiplier | J13: =1-H13 -> 1 | K13: Total Parry Chance | L13: =622/19130+0.03+(L6+L8)/((L6+L8)*1+1/0.94)+0.05*8*T28 -> 0.26426183 | N13: Performance Measures
B14: Base Weapon DPS | C14: =Inputs!C16 -> 151.4 | G14: Dodge | H14: =0.03+0.02*C32 -> 0.03 | I14: Misc. Damage Done Multiplier | J14: =(1+E30*0.05*(1.13*(1-exp(-1*J9*15/60))))*(1+C57*0.06*(1-0.85^(5/(3/((1/(1-0.15*C107))*(1+C130))))))*(1+C117*0.05)*IF(D100=2,(1+0.06*C119*(1-T40*(1-(0.75)^((5+(H15/2))/H15))/(1+3*(1-(0.75)^((5+(H15/2))/H15))*C82)/(1-(0.75)^((5+(H15/2))/H15)))),(1+0.06*(14-5*C131*E137)*C119*(1/S40)))*(1+IF(C127>2,2,IF(C127=2,1,0))*0.03*E127) -> 1.1873318 | K14: Attack Avoidance Chance | L14: =MAX(L13-0.015*(C153-90),0)+MAX(H14-0.015*(C153-90),0)+MAX(0.03-0.015*(C153-90),0) -> 0.32426183 | N14: Mitigation Factor | O14: Overall DPS | P14: Priority DPS | Q14: Reliable EHP | R14: Reliable and Controllable EHP | S14: Unreliable EHP
B15: Base Weapon Speed | C15: =Inputs!C17 -> 3.6 | G15: Ave. Weapon Speed | H15: =C15/(J9*(1+0.06*(3+1.5*C130*C136)*C59*D59))/((195.5+21.9*C152-0.673*C152^2)/195.5) -> 1.3785993 | I15: Misc. Healing Done Multiplier | J15: =(1+E30*0.05*(1.13*(1-exp(-1*J9*15/60))))*IF(D100=2,(1+0.06*C119*(1-T40*(1-(0.75)^((5+(H15/2))/H15))/(1+3*(1-(0.75)^((5+(H15/2))/H15))*C82)/(1-(0.75)^((5+(H15/2))/H15)))),(1+0.02*C49))*(1+C73*0.15*(5+2*C68)*(1/S19*C149*(1-C150)))*(1+0.01*E31) -> 1.04 | K15: Bone Shield Consumption | L15: =IF(C127=4,1/(2.5+(2/(1-(L14+0.3*(0.151+0.367*(J8)-0.0791*(J8)^2+0.0086*(J8)^3)))-1+IF(C152=1,0.5,0))/C152),1/(2.5+(2/(1-(L14+0.3*T38*(8+C110*4)))-1+IF(C152=1,0.5,0))/C152)) -> 0.32687193 | N15: =IF(X10=0,"Self-Sufficient (+"&Round(-((T10-U10-V10-W10)*(1-$T$76*(10+2*C92))+(T10-U10-V10-W10*(1.3+0.05*C92))*($T$76*(10+2*C92)))/O10%,2)&"%)",($O$10-$X$10)/$O$10) -> 0.99971791 | O15: =V77 -> 325393.05 | P15: =W77 -> 112398.23 | Q15: =$L$7/(1-(1-(1-$L$5)*(1-$C$131*E136*10/S40*0.08))*(($T$6/(1-$L$14)/(1-((1-(1-(T38*(8+C110*4)))*(1-IF(C127>3,1,0)*8*0.125*(T40+T43+T51+T57+T63)))*MIN(0.3/(1-$L$14),1)))+$T$7)/(1-$L$5))/((($T$6/(1-$L$14)/(1-((1-(1-(T38*(8+C110*4)))*(1-IF(C127>3,1,0)*8*0.125*(T40+T43+T51+T57+T63)))*MIN(0.3/(1-$L$14),1)))+$T$7)/(1-$L$5))+$T$8+$T$9))/$L$10*(0.7+0.3/(1-0.15*C79-0.05*IF(C79>0,1,0)))/(1-$C$135*$C$130*$D$130*0.075)/(1-(0.08*$C$80)*(1-(($T$6/(1-$L$14)/(1-((1-(1-(T38*(8+C110*4)))*(1-IF(C127>3,1,0)*8*0.125*(T40+T43+T51+T57+T63)))*MIN(0.3/(1-$L$14),1)))+$T$7)/(1-$L$5))/((($T$6/(1-$L$14)/(1-((1-(1-(T38*(8+C110*4)))*(1-IF(C127>3,1,0)*8*0.125*(T40+T43+T51+T57+T63)))*MIN(0.3/(1-$L$14),1)))+$T$7)/(1-$L$5))+$T$8+$T$9)))/(1-(0.05*C131*E136)*((($T$6/(1-$L$14)/(1-((1-(1-(T38*(8+C110*4)))*(1-IF(C127>3,1,0)*8*0.125*(T40+T43+T51+T57+T63)))*MIN(0.3/(1-$L$14),1)))+$T$7)/(1-$L$5))/((($T$6/(1-$L$14)/(1-((1-(1-(T38*(8+C110*4)))*(1-IF(C127>3,1,0)*8*0.125*(T40+T43+T51+T57+T63)))*MIN(0.3/(1-$L$14),1)))+$T$7)/(1-$L$5))+$T$8+$T$9))) -> 9381302.3 | R15: =$L$7/(1-(1-(1-$L$5)*(1-$C$131*E136*10/S40*0.08))*(($T$6/(1-$L$14)/(1-((1-(1-(T38*(8+C110*4)))*(1-IF(C127>3,1,0)*8*0.125*(T40+T43+T51+T57+T63)))*MIN(0.3/(1-$L$14),1)))+$T$7)/(1-$L$5))/((($T$6/(1-$L$14)/(1-((1-(1-(T38*(8+C110*4)))*(1-IF(C127>3,1,0)*8*0.125*(T40+T43+T51+T57+T63)))*MIN(0.3/(1-$L$14),1)))+$T$7)/(1-$L$5))+$T$8+$T$9))/$L$10*(0.7+0.3/(1-0.15*C79-0.05*IF(C79>0,1,0)))/(T10/(Q10+P7+P8+P9))*(1+$T$76*(10+2*C92)*0.3)/(1-$C$135*$C$130*$D$130*0.075)/(1-(0.08*$C$80)*(1-(($T$6/(1-$L$14)/(1-((1-(1-(T38*(8+C110*4)))*(1-IF(C127>3,1,0)*8*0.125*(T40+T43+T51+T57+T63)))*MIN(0.3/(1-$L$14),1)))+$T$7)/(1-$L$5))/((($T$6/(1-$L$14)/(1-((1-(1-(T38*(8+C110*4)))*(1-IF(C127>3,1,0)*8*0.125*(T40+T43+T51+T57+T63)))*MIN(0.3/(1-$L$14),1)))+$T$7)/(1-$L$5))+$T$8+$T$9)))/(1-(0.05*C131*E136)*((($T$6/(1-$L$14)/(1-((1-(1-(T38*(8+C110*4)))*(1-IF(C127>3,1,0)*8*0.125*(T40+T43+T51+T57+T63)))*MIN(0.3/(1-$L$14),1)))+$T$7)/(1-$L$5))/((($T$6/(1-$L$14)/(1-((1-(1-(T38*(8+C110*4)))*(1-IF(C127>3,1,0)*8*0.125*(T40+T43+T51+T57+T63)))*MIN(0.3/(1-$L$14),1)))+$T$7)/(1-$L$5))+$T$8+$T$9))) -> 11532297 | S15: =$L$7*O10/T10*(0.7+0.3/(1-0.15*C79-0.05*IF(C79>0,1,0)))*(1+($T$76*(10+2*C92))*0.3) -> 21791866
B17: Runeforging | G17: Abilities | H17: Attack Power Multiplier | I17: Specialization Multiplier | J17: Base/Tooltip Damage | K17: Overall Damage Per Cast | L17: Priority Damage Per Cast | M17: Average Healing Per Cast | N17: Runes Per Cast | O17: Runic Power Per Cast | P17: Bone Shield Per Cast | Q17: Cast Time | R17: Base Cooldown | S17: Effective Cooldown | T17: Casts Per Second | U17: Time Utilization | V17: Overall DPS | W17: Priority DPS | X17: HPS | Y17: EHPS | Z17: Runes Per Second | AA17: Runic Power Per Second | AB17: Bone Shield Per Second
B18: Razorice | C18: Sanguination | D18: Spellwarding | E18: Apocalypse | G18: Abomination Limb | Q18: =1.5/$J$9 -> 0.9838808 | R18: 120 | S18: =R18+$C$151 -> 120.8 | T18: =1/S18*C102*D102 -> 0 | U18: =T18*Q18 -> 0
B19: =Inputs!B21 | C19: =Inputs!C21 -> 1 | G19: Anti-Magic Shell | O19: =AA19/T19 -> 58.261065 | R19: 60 | S19: =(R19-20*C68+20*C81) -> 40 | T19: =1/S19*C149*C150 -> 0.01 | AA19: =T19*$J$10*(1+0.4*$C$68)*(1+0.15*$C$46)*25 -> 0.58261065
B20: Fallen Crusader | C20: Stoneskin Gargoyle | D20: Unending Thirst | G20: Anti-Magic Zone | Q20: =1.5/$J$9 -> 0.9838808 | R20: 240 | S20: =240-60*C67 -> 180 | T20: =1/S20*C61*D61 -> 0 | U20: =T20*Q20 -> 0
B21: =Inputs!B23 | C21: =Inputs!C23 | G21: Arcane Pulse | H21: 1.5 | J21: =($J$6*(1+$E$116)*(1+$D$157)+$C$14*6)*H21*$J$10*$L$11*(1+0.01*E25) -> 9494.0549 | K21: =J21*$J$8*$C$152*$J$14*(1+0.08*C120*D120) -> 70918.974 | L21: =K21/$C$152 -> 14183.795 | M21: =K21*$L$12 -> 13120.01 | Q21: =1.5/$J$9 -> 0.9838808 | R21: 180 | S21: =R21+$C$151 -> 180.8 | T21: =1/S21*E25 -> 0 | U21: =T21*Q21 -> 0 | V21: =T21*K21 -> 0 | W21: =T21*L21 -> 0 | X21: =T21*M21 -> 0 | Y21: =X21*(1-$C$144) -> 0
G22: Arcane Torrent | O22: =20 -> 20 | Q22: =1.5/$J$9 -> 0.9838808 | R22: 120 | S22: =R22+$C$151 -> 120.8 | T22: =1/S22*C28 -> 0 | U22: =T22*Q22 -> 0 | AA22: =T22*O22 -> 0
B23: Race | G23: Auto-Attack | H23: =5*C15/12*1.25*1.2 -> 2.25 | J23: =($J$6*(1+$E$116)*(1+$D$157)+169*15/120*$C$24+$C$14*6)*H23*$J$10*$L$11 -> 14241.082 | K23: =J23*$J$8*0.7*$J$14*(1+0.08*C120*D120) -> 14892.985 | L23: =K23 -> 14892.985 | M23: =K23*$L$12 -> 2755.2022 | R23: =C15 -> 3.6 | S23: =H15 -> 1.3785993 | T23: =1/S23 -> 0.72537393 | V23: =T23*K23 -> 10802.983 | W23: =T23*L23 -> 10802.983 | X23: =T23*M23 -> 1998.5518 | Y23: =X23*(1-$C$144) -> 1598.8414
B24: Orc | C24: =Inputs!C26 -> 0 | D24: Pandaren | E24: =Inputs!E26 -> 0 | G24: Blood Beasts | H24: =0.1115*1.4/6*1.36*1.075*15 -> 0.5705455 | I24: 1.15 | J24: =($J$6*(1+$E$116)*(1+$D$157)+169*15/120*$C$24+$C$14*6)*H24*$J$10*$L$11*I24*(1+0.01*C24) -> 4152.8726 | K24: =(J24*$J$8*INT($J$9*10/1+1)*0.7*$J$14+J24*7.875*1.25*$J$8*$C$152/SQRT(MAX(1,$C$152/8))*$J$14)*(1+0.15*$C$152/SQRT(MAX(1,$C$152/8))*(1+$C$131*0.05*MIN(1,5/$C$152))*J10) -> 729497.65 | L24: =(J24*$J$8*INT($J$9*10/1+1)*0.7*$J$14+J24*7.875*1.25*$J$8/SQRT(MAX(1,$C$152/8))*$J$14)+(K24/(1+0.15*$C$152/SQRT(MAX(1,$C$152/8))*(1+$C$131*0.05*MIN(1,5/$C$152))*J10))*(0.15*1/SQRT(MAX(1,$C$152/8))*(1+$C$131*0.05)*J10) -> 199765.89 | M24: =K24/((1+$C$131*0.05*MIN(1,5/$C$152)))/$C$152 -> 138951.93 | S24: =S38 -> 90.8 | T24: =1/S24*C131 -> 0.011013216 | V24: =T24*K24 -> 8034.1151 | W24: =T24*L24 -> 2200.0649 | X24: =T24*M24 -> 1530.3076 | Y24: =X24*(1-$C$144) -> 1224.2461
B25: Undead | C25: =Inputs!C27 -> 0 | D25: Nightborne | E25: =Inputs!E27 -> 0 | G25: Blood Boil | H25: =1.4256*1.15 -> 1.63944 | I25: 1.15 | J25: =($J$6*(1+$E$116)*(1+$D$157)+169*15/120*$C$24+$C$14*6)*H25*$J$10*$L$11*I25*(1+0.01*$E$25)*(1+0.3*C130) -> 11933.116 | K25: =J25*$J$8*$C$152*$J$14*(1+C130*0.15*$B$19*(1+0.2*$C$63))*(1+$C$131*0.05*MIN(1,5/$C$152))*$H$135*(1+0.08*C120*D120) -> 93595.26 | L25: =K25/$C$152 -> 18719.052 | M25: =K25*$L$12 -> 17315.123 | Q25: =1.5/$J$9 -> 0.9838808 | R25: 7.5 | S25: =1/((1/(R25/J9))+(C113/((R25/J9)/((1/(1-0.15*C107))/3*(1+C130)*(1-(1-H8)^C152)*0.25)))) -> 4.919404 | T25: =MIN(1/S25,MAX((1-SUM(U19:U23,U29:U41,U43:U50,U52:U76)-($L$9+SUM(Z19:Z50,Z52:Z76))*Q51/(-N51)+(SUM(AA19:AA24,AA26:AA41,AA43:AA50,AA52:AA76)+(($L$9+SUM(Z19:Z50)+SUM(Z52:Z76))*O51/(-N51)))/O42*Q42)/Q25*(-O42/(O25-O42)),(1+C130)/24-T47*C130*0.5)) -> 0.041666667 | U25: =T25*Q25 -> 0.040995033 | V25: =(T25+C108*T51*(1-(1-0.15)*(1-0.15*MAX(4,C152-1)))*1.5)*K25 -> 40993.362 | W25: =(T25+C108*T51*(1-(1-0.15)*(1-0.15*MAX(4,C152-1)))*1.5)*L25 -> 8198.6723 | X25: =(T25+C108*T51*0.15*1.5)*M25 -> 2281.079 | Y25: =X25*(1-$C$144) -> 1824.8632
B26: Tauren | C26: =Inputs!C28 -> 0 | D26: Highmountain | E26: =Inputs!E28 -> 0 | G26: Blood Draw | H26: 1.2 | I26: 1.15 | J26: =($J$6*(1+$E$116)*(1+$D$157)+169*15/120*$C$24+$C$14*6)*H26*$J$10*$L$11*I26*(1+0.01*$E$25) -> 8734.5305 | K26: =J26*$J$8*$C$152*$J$14*(1+$C$131*0.05*MIN(1,5/$C$152))*(1+0.08*C120*D120) -> 68507.729 | L26: =K26/$C$152 -> 13701.546 | M26: =K26*(1+$L$12)*1.25 -> 101477.07 | R26: 120 | S26: 120 | T26: =1/S26*C76 -> 0 | V26: =T26*K26 -> 0 | W26: =T26*L26 -> 0 | X26: =T26*M26 -> 0 | Y26: =X26*(1-$C$144) -> 0
B27: Troll | C27: =Inputs!C29 -> 0 | D27: Mag'har | E27: =Inputs!E29 -> 0 | G27: Blood Feast | M27: =V10/T19 -> 1176566.8 | T27: =T19*C112 -> 0 | X27: =T27*M27 -> 0 | Y27: =X27*(1-$C$144) -> 0
B28: Blood Elf | C28: =Inputs!C30 -> 0 | D28: Zandalari | E28: =Inputs!E30 -> 0 | G28: Blood Mist | H28: 0.64 | I28: 1.15 | J28: =($J$6*(1+$E$116)*(1+$D$157)+169*15/120*$C$24+$C$14*6)*H28*$J$10*$L$11*I28*(1+0.01*E25) -> 4658.4163 | K28: =J28*$J$8*$C$152/SQRT(MAX(1,$C$152/8))*$J$14*9*(1+0.08*C120*D120)*(1+$C$131*0.05*MIN(1,5/$C$152)) -> 328837.1 | L28: =K28/$C$152 -> 65767.42 | M28: =K28*$L$12 -> 60834.864 | O28: =MIN(C152,5)*2*9 -> 90 | T28: =T38*C118 -> 0 | V28: =T28*K28 -> 0 | W28: =T28*L28 -> 0 | X28: =T28*M28 -> 0 | Y28: =X28*(1-$C$144) -> 0 | AA28: =T28*O28 -> 0
B29: Goblin | C29: =Inputs!C31 -> 0 | D29: Vulpera | E29: =Inputs!E31 -> 0 | G29: Blood Plague | H29: =0.3348*24/3*(1/(1-0.15*C107)) -> 3.1510588 | I29: 1.15 | J29: =($J$6*(1+$E$116)*(1+$D$157)+169*15/120*$C$24+$C$14*6)*H29*$J$10*$L$11*I29*(1+0.01*E25) -> 22935.85 | K29: =J29*$J$8*$C$152*$J$14*(1+0.4*C117*D117)*(1+$C$131*0.05*MIN(1,5/$C$152))*(1+0.08*C120*D120)*(1+0.15*C131)/(1+0.05*C117) -> 260074.22 | L29: =K29/$C$152 -> 52014.845 | M29: =K29*(1+0.85*$C$107+$L$12)*1.25 -> 661563.8 | V29: =K29/24*(1+C130) -> 10836.426 | W29: =L29/24*(1+C130) -> 2167.2852 | X29: =M29/24*(1+C130) -> 27565.159 | Y29: =X29*(1-$C$144) -> 22052.127
B30: Human | C30: =Inputs!C32 -> 0 | D30: Void Elf | E30: =Inputs!E32 -> 0 | G30: Blood Shield | M30: =MIN(J11*(MAX(5*0.2*T10*(1+0.05*C111),7/100*L7)*(1+0.15*C42))*$J$10*(1+0.15*C46)*(1+0.2*C115),(0.5+0.15*C114)*L7*MAX(1,T42/0.2)/(1+($T$76*(10+2*C92))*(0.3+0.05*C92))) -> 369394.88 | T30: =T42 -> 0.40135089 | X30: =MIN(T30,0.2)*M30 -> 73878.975 | Y30: =X30 -> 73878.975
B31: Dwarf | C31: =Inputs!C33 -> 0 | D31: Lightforged Draenei | E31: =Inputs!E33 -> 0 | G31: Bloody Demise | H31: 9 | J31: =($J$6*(1+$E$116)*(1+$D$157)+169*15/120*$C$24+$C$14*6)*H31*$J$10*$L$11*(1+0.01*E25) -> 56964.33 | K31: =J31*$J$8*(2*$C$152/3+1/3)*(1+$C$131*0.05*MIN(1,5.5/($C$152+0.5)))*$H$135 -> 267394.59 | L31: =K31/(2*$C$152/3+1/3) -> 72925.797 | M31: =K31*$L$12 -> 49467.999 | T31: =T42/10*C158 -> 0.040135089 | V31: =T31*K31 -> 10731.905 | W31: =T31*L31 -> 2926.8833 | X31: =T31*M31 -> 1985.4025 | Y31: =X31 -> 1985.4025
B32: Night Elf | C32: =Inputs!C34 -> 0 | D32: Dark Iron Dwarf | E32: =Inputs!E34 -> 0 | G32: Bloodworms | H32: =0.235*1.4/6*1.075 -> 0.058945833 | I32: 1 | J32: =($J$6*(1+$E$116)*(1+$D$157)+169*15/120*$C$24+$C$14*6)*H32*$J$10*$L$11*I32*(1+0.01*C24) -> 373.08999 | K32: =J32*$J$8*INT($J$9*D101/1.4+1)*0.7*$J$14 -> 4158.774 | L32: =K32 -> 4158.774 | M32: =L7*0.5*0.15 -> 126217.1 | R32: =60/5 -> 12 | S32: =R32/1.13 -> 10.619469 | T32: =1/S32*C101 -> 0 | V32: =T32*K32 -> 0 | W32: =T32*L32 -> 0 | X32: =T32*M32 -> 0 | Y32: =X32 -> 0
B33: Gnome | C33: =Inputs!C35 -> 0 | D33: Kul Tiran | E33: =Inputs!E35 -> 0 | G33: Bloody Reflection | H33: 1.1 | I33: 1.15 | J33: =($J$6*(1+$E$116)*(1+$D$157)+169*15/120*$C$24+$C$14*6)*H33*$J$10*$L$11*I33*(1+0.01*$E$25) -> 8006.653 | K33: =J33*$J$8*$J$14*(1+$C$131*0.05*MIN(1,5/$C$152))*$H$135*(1+0.08*C127) -> 16064.797 | L33: =K33/C$152 -> 3212.9594 | M33: =K33*$L$12 -> 2971.9874 | R33: 0.5 | S33: =1/T42 -> 2.4915854 | T33: =1/S33*C114 -> 0 | V33: =T33*K33 -> 0 | W33: =T33*L33 -> 0 | X33: =T33*M33 -> 0 | Y33: =X33 -> 0
B34: Draenei | C34: =Inputs!C36 -> 0 | D34: Mechagnome | E34: =Inputs!E36 -> 0 | G34: Brush it Off | X34: =T10*0.02*E33 -> 0 | Y34: =X34*(1-$C$144) -> 0
